-- phpMyAdmin SQL Dump
-- version 5.2.1
-- https://www.phpmyadmin.net/
--
-- Servidor: 127.0.0.1
-- Tiempo de generación: 09-02-2025 a las 20:21:53
-- Versión del servidor: 10.4.32-MariaDB
-- Versión de PHP: 8.1.25

SET SQL_MODE = "NO_AUTO_VALUE_ON_ZERO";
START TRANSACTION;
SET time_zone = "+00:00";


/*!40101 SET @OLD_CHARACTER_SET_CLIENT=@@CHARACTER_SET_CLIENT */;
/*!40101 SET @OLD_CHARACTER_SET_RESULTS=@@CHARACTER_SET_RESULTS */;
/*!40101 SET @OLD_COLLATION_CONNECTION=@@COLLATION_CONNECTION */;
/*!40101 SET NAMES utf8mb4 */;

--
-- Base de datos: `focomotor`
--

-- --------------------------------------------------------

--
-- Estructura de tabla para la tabla `brands`
--

CREATE TABLE `brands` (
  `id` bigint(20) UNSIGNED NOT NULL,
  `name` varchar(255) NOT NULL,
  `slug` varchar(255) NOT NULL,
  `category_id` bigint(20) UNSIGNED NOT NULL
) ENGINE=InnoDB DEFAULT CHARSET=utf8mb4 COLLATE=utf8mb4_unicode_ci;

--
-- Volcado de datos para la tabla `brands`
--

INSERT INTO `brands` (`id`, `name`, `slug`, `category_id`) VALUES
(1, 'Alfa Romeo', 'alfa-romeo', 1),
(2, 'Audi', 'audi', 1),
(3, 'Baic', 'baic', 1),
(4, 'Bmw', 'bmw', 1),
(5, 'Chery', 'chery', 1),
(6, 'Chevrolet', 'chevrolet', 1),
(7, 'Chrysler', 'chrysler', 1),
(8, 'Citroen', 'citroen', 1),
(9, 'Daewoo', 'daewoo', 1),
(10, 'Daihatsu', 'daihatsu', 1),
(11, 'Dsfk', 'dsfk', 1),
(12, 'Dodge', 'dodge', 1),
(13, 'Ds', 'ds', 1),
(14, 'Fiat', 'fiat', 1),
(15, 'Ford', 'ford', 1),
(16, 'Foton', 'foton', 1),
(17, 'Geely', 'geely', 1),
(18, 'Great Wall', 'great-wall', 1),
(19, 'Haval', 'haval', 1),
(20, 'Honda', 'honda', 1),
(21, 'Hummer', 'hummer', 1),
(22, 'Hyundai', 'hyundai', 1),
(23, 'Isuzu', 'isuzu', 1),
(24, 'Iveco', 'iveco', 1),
(25, 'Jac', 'jac', 1),
(26, 'Jaguar', 'jaguar', 1),
(27, 'Jeep', 'jeep', 1),
(28, 'Kia', 'kia', 1),
(29, 'Land', 'land', 1),
(30, 'Lifan', 'lifan', 1),
(31, 'Maserati', 'maserati', 1),
(32, 'Mazda', 'mazda', 1),
(33, 'Mercedes Benz', 'mercedes-benz', 1),
(34, 'Mini', 'mini', 1),
(35, 'Mitsubishi', 'mitsubishi', 1),
(36, 'Nissan', 'nissan', 1),
(37, 'Peugeot', 'peugeot', 1),
(38, 'Porsche', 'porsche', 1),
(39, 'Ram', 'ram', 1),
(40, 'Renault', 'renault', 1),
(41, 'Rover', 'rover', 1),
(42, 'Seat', 'seat', 1),
(43, 'Shineray', 'shineray', 1),
(44, 'Smart', 'smart', 1),
(45, 'Ssangyoung', 'ssangyoung', 1),
(46, 'Subaru', 'subaru', 1),
(47, 'Suzuki', 'suzuki', 1),
(48, 'Tata', 'tata', 1),
(49, 'Toyota', 'toyota', 1),
(50, 'Volkswagen', 'volkswagen', 1),
(51, 'Volvo', 'volvo', 1),
(52, 'Appia', 'appia', 2),
(53, 'Aprilia', 'aprilia', 2),
(54, 'Bajaj', 'bajaj', 2),
(55, 'Benelli', 'benelli', 2),
(56, 'Beta', 'beta', 2),
(57, 'Bmw', 'bmw-2', 2),
(58, 'Brava', 'brava', 2),
(59, 'Cerro', 'cerro', 2),
(60, 'Cf Moto', 'cf-moto', 2),
(61, 'Corven', 'corven', 2),
(62, 'Daelim', 'daelim', 2),
(63, 'Ducati', 'ducati', 2),
(64, 'Gaf', 'gaf', 2),
(65, 'Gilera', 'gilera', 2),
(66, 'Guerrero', 'guerrero', 2),
(67, 'Harley', 'harley', 2),
(68, 'Hero', 'hero', 2),
(69, 'Honda', 'honda-2', 2),
(70, 'Husqvarna', 'husqvarna', 2),
(71, 'Hyosung', 'hyosung', 2),
(72, 'Jawa', 'jawa', 2),
(73, 'Jianshe', 'jianshe', 2),
(74, 'Kawasaki', 'kawasaki', 2),
(75, 'Keeway', 'keeway', 2),
(76, 'Keller', 'keller', 2),
(77, 'Ktm', 'ktm', 2),
(78, 'Kymco', 'kymco', 2),
(79, 'Legnano', 'legnano', 2),
(80, 'Maverick', 'maverick', 2),
(81, 'Megelli', 'megelli', 2),
(82, 'Mondial', 'mondial', 2),
(83, 'Motomel', 'motomel', 2),
(84, 'Mv Agusta', 'mv-agusta', 2),
(85, 'Pagani', 'pagani', 2),
(86, 'Piaggio', 'piaggio', 2),
(87, 'Royal Enfield', 'royal-enfield', 2),
(88, 'Siambreta', 'siambreta', 2),
(89, 'Suzuki', 'suzuki-2', 2),
(90, 'Sym', 'sym', 2),
(91, 'Tibo', 'tibo', 2),
(92, 'Triumph', 'triumph', 2),
(93, 'Vespa', 'vespa', 2),
(94, 'Yamaha', 'yamaha', 2),
(95, 'Zanella', 'zanella', 2),
(96, 'Agrale', 'agrale', 3),
(97, 'Bedford', 'bedford', 3),
(98, 'Chevrolet', 'chevrolet-2', 3),
(99, 'Dodge', 'dodge-2', 3),
(100, 'DFM', 'dfm', 3),
(101, 'Fiat', 'fiat-2', 3),
(102, 'Ford', 'ford-2', 3),
(103, 'Hino', 'hino', 3),
(104, 'Hyundai', 'hyundai-2', 3),
(105, 'Isuzu', 'isuzu-2', 3),
(106, 'Iveco', 'iveco-2', 3),
(107, 'Jmc', 'jmc', 3),
(108, 'Kia', 'kia-2', 3),
(109, 'Mercedes Benz', 'mercedes-benz-2', 3),
(110, 'Renault', 'renault-2', 3),
(111, 'Scania', 'scania', 3),
(112, 'Tata', 'tata-2', 3),
(113, 'Volkswagen', 'volkswagen-2', 3),
(114, 'Volvo', 'volvo-2', 3),
(115, 'Tractores', 'tractores', 4),
(116, 'Sembradoras', 'sembradoras', 4),
(117, 'Cosechadoras', 'cosechadoras', 4),
(118, 'Desmalezadoras', 'desmalezadoras', 4),
(119, 'Tolvas', 'tolvas', 4),
(120, 'Palas cargadoras', 'palas-cargadoras', 4),
(121, 'Autoelevadores', 'autoelevadores', 4),
(122, 'Minicargadoras', 'minicargadoras', 4),
(123, 'Excavadoras', 'excavadoras', 4),
(124, 'Retroexcavadoras', 'retroexcavadoras', 4),
(125, 'Botes', 'botes', 5),
(126, 'Canoas', 'canoas', 5),
(127, 'Cruceros', 'cruceros', 5),
(128, 'Gomones', 'gomones', 5),
(129, 'Jet Ski', 'jet-ski', 5),
(130, 'Lanchas', 'lanchas', 5),
(131, 'Motores', 'motores', 5),
(132, 'Motos De Agua', 'motos-de-agua', 5),
(133, 'Veleros', 'veleros', 5),
(134, 'Semirrigidos', 'semirrigidos', 5),
(135, 'Aeronaves', 'aeronaves', 6),
(136, 'Areneros', 'areneros', 6),
(137, 'Casas Rodantes', 'casas-rodantes', 6),
(138, 'Chocados', 'chocados', 6),
(139, 'Colección', 'coleccion', 6),
(140, 'Competición', 'competicion', 6),
(141, 'Contenedores', 'contenedores', 6),
(142, 'Food Trucks', 'food-trucks', 6),
(143, 'Grúas', 'gruas', 6),
(144, 'Motorhome', 'motorhome', 6),
(145, 'Taxis', 'taxis', 6),
(146, 'Trailers', 'trailers', 6);

-- --------------------------------------------------------

--
-- Estructura de tabla para la tabla `categories`
--

CREATE TABLE `categories` (
  `id` bigint(20) UNSIGNED NOT NULL,
  `name` varchar(255) NOT NULL,
  `slug` varchar(255) NOT NULL
) ENGINE=InnoDB DEFAULT CHARSET=utf8mb4 COLLATE=utf8mb4_unicode_ci;

--
-- Volcado de datos para la tabla `categories`
--

INSERT INTO `categories` (`id`, `name`, `slug`) VALUES
(1, 'Autos Y Camionetas', 'autos-y-camionetas'),
(2, 'Motos', 'motos'),
(3, 'Camiones', 'camiones'),
(4, 'Agro/Vial', 'agro-vial'),
(5, 'Nautica', 'nautica'),
(6, 'Otros', 'otros');

-- --------------------------------------------------------

--
-- Estructura de tabla para la tabla `cities`
--

CREATE TABLE `cities` (
  `id` bigint(20) UNSIGNED NOT NULL,
  `name` varchar(255) NOT NULL,
  `slug` varchar(255) NOT NULL,
  `cityable_id` bigint(20) UNSIGNED NOT NULL,
  `cityable_type` varchar(255) NOT NULL
) ENGINE=InnoDB DEFAULT CHARSET=utf8mb4 COLLATE=utf8mb4_unicode_ci;

--
-- Volcado de datos para la tabla `cities`
--

INSERT INTO `cities` (`id`, `name`, `slug`, `cityable_id`, `cityable_type`) VALUES
(1, 'Abasto', 'abasto', 1, 'App\\Models\\State'),
(2, 'Agronomia', 'agronomia', 1, 'App\\Models\\State'),
(3, 'Almagro', 'almagro', 1, 'App\\Models\\State'),
(4, 'Balvanera', 'balvanera', 1, 'App\\Models\\State'),
(5, 'Barracas', 'barracas', 1, 'App\\Models\\State'),
(6, 'Belgrano', 'belgrano', 1, 'App\\Models\\State'),
(7, 'Boedo', 'boedo', 1, 'App\\Models\\State'),
(8, 'Caballito', 'caballito', 1, 'App\\Models\\State'),
(9, 'Chacarita', 'chacarita', 1, 'App\\Models\\State'),
(10, 'Coghlan', 'coghlan', 1, 'App\\Models\\State'),
(11, 'Colegiales', 'colegiales', 1, 'App\\Models\\State'),
(12, 'Congreso', 'congreso', 1, 'App\\Models\\State'),
(13, 'Constitucion', 'constitucion', 1, 'App\\Models\\State'),
(14, 'Flores', 'flores', 1, 'App\\Models\\State'),
(15, 'Floresta', 'floresta', 1, 'App\\Models\\State'),
(16, 'La Boca', 'la-boca', 1, 'App\\Models\\State'),
(17, 'La Paternal', 'la-paternal', 1, 'App\\Models\\State'),
(18, 'Liniers', 'liniers', 1, 'App\\Models\\State'),
(19, 'Mataderos', 'mataderos', 1, 'App\\Models\\State'),
(20, 'Microcentro', 'microcentro', 1, 'App\\Models\\State'),
(21, 'Monserrat', 'monserrat', 1, 'App\\Models\\State'),
(22, 'Monte Castro', 'monte-castro', 1, 'App\\Models\\State'),
(23, 'Nueva Pompeya', 'nueva-pompeya', 1, 'App\\Models\\State'),
(24, 'Nuñez', 'nunez', 1, 'App\\Models\\State'),
(25, 'Once', 'once', 1, 'App\\Models\\State'),
(26, 'Palermo', 'palermo', 1, 'App\\Models\\State'),
(27, 'Parque Avellaneda', 'parque-avellaneda', 1, 'App\\Models\\State'),
(28, 'Parque Chacabuco', 'parque-chacabuco', 1, 'App\\Models\\State'),
(29, 'Parque Chas', 'parque-chas', 1, 'App\\Models\\State'),
(30, 'Paternal', 'paternal', 1, 'App\\Models\\State'),
(31, 'Puerto Madero', 'puerto-madero', 1, 'App\\Models\\State'),
(32, 'Recoleta', 'recoleta', 1, 'App\\Models\\State'),
(33, 'Retiro', 'retiro', 1, 'App\\Models\\State'),
(34, 'Saavedra', 'saavedra', 1, 'App\\Models\\State'),
(35, 'San Cristobal', 'san-cristobal', 1, 'App\\Models\\State'),
(36, 'San Nicolas', 'san-nicolas', 1, 'App\\Models\\State'),
(37, 'San Telmo', 'san-telmo', 1, 'App\\Models\\State'),
(38, 'Velez Sarfield', 'velez-sarfield', 1, 'App\\Models\\State'),
(39, 'Versalles', 'versalles', 1, 'App\\Models\\State'),
(40, 'Villa Crespo', 'villa-crespo', 1, 'App\\Models\\State'),
(41, 'Villa Devoto', 'villa-devoto', 1, 'App\\Models\\State'),
(42, 'Villa Del Parque', 'villa-del-parque', 1, 'App\\Models\\State'),
(43, 'Villa Gral. Mitre', 'villa-gral-mitre', 1, 'App\\Models\\State'),
(44, 'Villa Lugano', 'villa-lugano', 1, 'App\\Models\\State'),
(45, 'Villa Luro', 'villa-luro', 1, 'App\\Models\\State'),
(46, 'Villa Ortuzar', 'villa-ortuzar', 1, 'App\\Models\\State'),
(47, 'Villa Pueyrredon', 'villa-pueyrredon', 1, 'App\\Models\\State'),
(48, 'Villa Real', 'villa-real', 1, 'App\\Models\\State'),
(49, 'Villa Riachuelo', 'villa-riachuelo', 1, 'App\\Models\\State'),
(50, 'Villa Santa Rita', 'villa-santa-rita', 1, 'App\\Models\\State'),
(51, 'Villa Soldati', 'villa-soldati', 1, 'App\\Models\\State'),
(52, 'Villa Urquiza', 'villa-urquiza', 1, 'App\\Models\\State'),
(53, 'Belen De Escobar', 'belen-de-escobar', 1, 'App\\Models\\District'),
(54, 'Garin', 'garin', 1, 'App\\Models\\District'),
(55, 'Maquinista', 'maquinista', 1, 'App\\Models\\District'),
(56, 'Maschwitz', 'maschwitz', 1, 'App\\Models\\District'),
(57, 'Matheu', 'matheu', 1, 'App\\Models\\District'),
(58, 'Jose C. Paz', 'jose-c-paz', 2, 'App\\Models\\District'),
(59, 'Grand Bourg', 'grand-bourg', 3, 'App\\Models\\District'),
(60, 'Los Polvorines', 'los-polvorines', 3, 'App\\Models\\District'),
(61, 'Malvinas Argentinas', 'malvinas-argentinas', 3, 'App\\Models\\District'),
(62, 'Pablo Nogues', 'pablo-nogues', 3, 'App\\Models\\District'),
(63, 'Sourdeaux', 'sourdeaux', 3, 'App\\Models\\District'),
(64, 'Tortuguitas', 'tortuguitas', 3, 'App\\Models\\District'),
(65, 'Villa De Mayo', 'villa-de-mayo', 3, 'App\\Models\\District'),
(66, 'San Fernando', 'san-fernando', 4, 'App\\Models\\District'),
(67, 'Victoria', 'victoria', 4, 'App\\Models\\District'),
(68, 'Virreyes', 'virreyes', 4, 'App\\Models\\District'),
(69, 'Acassuso', 'acassuso', 5, 'App\\Models\\District'),
(70, 'Beccar', 'beccar', 5, 'App\\Models\\District'),
(71, 'Boulogne', 'boulogne', 5, 'App\\Models\\District'),
(72, 'Martinez', 'martinez', 5, 'App\\Models\\District'),
(73, 'San Isidro', 'san-isidro', 5, 'App\\Models\\District'),
(74, 'Villa Adelina', 'villa-adelina', 5, 'App\\Models\\District'),
(75, 'Billinghurst', 'billinghurst', 6, 'App\\Models\\District'),
(76, 'Jose Leon Suarez', 'jose-leon-suarez', 6, 'App\\Models\\District'),
(77, 'Loma Hermosa', 'loma-hermosa', 6, 'App\\Models\\District'),
(78, 'San Andres', 'san-andres', 6, 'App\\Models\\District'),
(79, 'San Martin', 'san-martin', 6, 'App\\Models\\District'),
(80, 'Villa Ballester', 'villa-ballester', 6, 'App\\Models\\District'),
(81, 'Villa Lynch', 'villa-lynch', 6, 'App\\Models\\District'),
(82, 'Villa Maipu', 'villa-maipu', 6, 'App\\Models\\District'),
(83, 'Bella Vista', 'bella-vista', 7, 'App\\Models\\District'),
(84, 'Muñiz', 'muniz', 7, 'App\\Models\\District'),
(85, 'San Miguel', 'san-miguel', 7, 'App\\Models\\District'),
(86, 'Santa Maria', 'santa-maria', 7, 'App\\Models\\District'),
(87, 'Del Viso', 'del-viso', 8, 'App\\Models\\District'),
(88, 'Manuel Alberti', 'manuel-alberti', 8, 'App\\Models\\District'),
(89, 'Pilar', 'pilar', 8, 'App\\Models\\District'),
(90, 'Presidente Derqui', 'presidente-derqui', 8, 'App\\Models\\District'),
(91, 'Villa Rosa', 'villa-rosa', 8, 'App\\Models\\District'),
(92, 'Benavidez', 'benavidez', 9, 'App\\Models\\District'),
(93, 'Don Torcuato', 'don-torcuato', 9, 'App\\Models\\District'),
(94, 'El Talar', 'el-talar', 9, 'App\\Models\\District'),
(95, 'Gral. Pacheco', 'gral-pacheco', 9, 'App\\Models\\District'),
(96, 'Nordelta', 'nordelta', 9, 'App\\Models\\District'),
(97, 'Ricardo Rojas', 'ricardo-rojas', 9, 'App\\Models\\District'),
(98, 'Rincon De Milberg', 'rincon-de-milberg', 9, 'App\\Models\\District'),
(99, 'Tigre', 'tigre', 9, 'App\\Models\\District'),
(100, 'Trocos Del Talar', 'trocos-del-talar', 9, 'App\\Models\\District'),
(101, 'Carapachay', 'carapachay', 10, 'App\\Models\\District'),
(102, 'Florida', 'florida', 10, 'App\\Models\\District'),
(103, 'Florida Oeste', 'florida-oeste', 10, 'App\\Models\\District'),
(104, 'La Lucila', 'la-lucila', 10, 'App\\Models\\District'),
(105, 'Munro', 'munro', 10, 'App\\Models\\District'),
(106, 'Olivos', 'olivos', 10, 'App\\Models\\District'),
(107, 'Vicente Lopez', 'vicente-lopez', 10, 'App\\Models\\District'),
(108, 'Villa Adelina', 'villa-adelina-2', 10, 'App\\Models\\District'),
(109, 'Villa Martelli', 'villa-martelli', 10, 'App\\Models\\District'),
(110, 'General Rodriguez', 'general-rodriguez', 11, 'App\\Models\\District'),
(111, 'Hurlingham', 'hurlingham', 12, 'App\\Models\\District'),
(112, 'Villa Tesei', 'villa-tesei', 12, 'App\\Models\\District'),
(113, 'William C. Morris', 'william-c-morris', 12, 'App\\Models\\District'),
(114, 'Ituzaingo', 'ituzaingo', 13, 'App\\Models\\District'),
(115, 'Parque Leloir', 'parque-leloir', 13, 'App\\Models\\District'),
(116, 'Villa Udaondo', 'villa-udaondo', 13, 'App\\Models\\District'),
(117, 'Aldo Bonzi', 'aldo-bonzi', 14, 'App\\Models\\District'),
(118, 'Ciudad Evita', 'ciudad-evita', 14, 'App\\Models\\District'),
(119, 'Gonzales Catan', 'gonzales-catan', 14, 'App\\Models\\District'),
(120, 'Isidro Casanova', 'isidro-casanova', 14, 'App\\Models\\District'),
(121, 'La Tablada', 'la-tablada', 14, 'App\\Models\\District'),
(122, 'Laferrere', 'laferrere', 14, 'App\\Models\\District'),
(123, 'Lomas Del Mirador', 'lomas-del-mirador', 14, 'App\\Models\\District'),
(124, 'Rafael Castillo', 'rafael-castillo', 14, 'App\\Models\\District'),
(125, 'Ramos Mejia', 'ramos-mejia', 14, 'App\\Models\\District'),
(126, 'San Justo', 'san-justo', 14, 'App\\Models\\District'),
(127, 'Tapiales', 'tapiales', 14, 'App\\Models\\District'),
(128, 'Villa Luzuriaga', 'villa-luzuriaga', 14, 'App\\Models\\District'),
(129, 'Virrey Del Pino', 'virrey-del-pino', 14, 'App\\Models\\District'),
(130, 'Marcos Paz', 'marcos-paz', 15, 'App\\Models\\District'),
(131, 'Libertad', 'libertad', 16, 'App\\Models\\District'),
(132, 'Mariano Acosta', 'mariano-acosta', 16, 'App\\Models\\District'),
(133, 'Merlo', 'merlo', 16, 'App\\Models\\District'),
(134, 'Pontevedra', 'pontevedra', 16, 'App\\Models\\District'),
(135, 'San Antonio De Padua', 'san-antonio-de-padua', 16, 'App\\Models\\District'),
(136, 'Cuartel V', 'cuartel-v', 17, 'App\\Models\\District'),
(137, 'Francisco Alvarez', 'francisco-alvarez', 17, 'App\\Models\\District'),
(138, 'La Reja', 'la-reja', 17, 'App\\Models\\District'),
(139, 'Moreno', 'moreno', 17, 'App\\Models\\District'),
(140, 'Paso Del Rey', 'paso-del-rey', 17, 'App\\Models\\District'),
(141, 'Trujui', 'trujui', 17, 'App\\Models\\District'),
(142, 'Castelar', 'castelar', 18, 'App\\Models\\District'),
(143, 'El Palomar', 'el-palomar', 18, 'App\\Models\\District'),
(144, 'Haedo', 'haedo', 18, 'App\\Models\\District'),
(145, 'Moron', 'moron', 18, 'App\\Models\\District'),
(146, 'Villa Sarmiento', 'villa-sarmiento', 18, 'App\\Models\\District'),
(147, 'Caceros', 'caceros', 19, 'App\\Models\\District'),
(148, 'Ciudad Jardin', 'ciudad-jardin', 19, 'App\\Models\\District'),
(149, 'Ciudadela', 'ciudadela', 19, 'App\\Models\\District'),
(150, 'El Libertador', 'el-libertador', 19, 'App\\Models\\District'),
(151, 'Jose Ingenieros', 'jose-ingenieros', 19, 'App\\Models\\District'),
(152, 'Loma Hermosa', 'loma-hermosa-2', 19, 'App\\Models\\District'),
(153, 'Martin Coronado', 'martin-coronado', 19, 'App\\Models\\District'),
(154, 'Pablo Podesta', 'pablo-podesta', 19, 'App\\Models\\District'),
(155, 'Remedios De Escalada', 'remedios-de-escalada', 19, 'App\\Models\\District'),
(156, 'Saenz Peña', 'saenz-pena', 19, 'App\\Models\\District'),
(157, 'Santos Lugares', 'santos-lugares', 19, 'App\\Models\\District'),
(158, 'Villa Bosch', 'villa-bosch', 19, 'App\\Models\\District'),
(159, 'Villa Raffo', 'villa-raffo', 19, 'App\\Models\\District'),
(160, 'Adrogue', 'adrogue', 20, 'App\\Models\\District'),
(161, 'Burzaco', 'burzaco', 20, 'App\\Models\\District'),
(162, 'Claypole', 'claypole', 20, 'App\\Models\\District'),
(163, 'Don Orione', 'don-orione', 20, 'App\\Models\\District'),
(164, 'Glew', 'glew', 20, 'App\\Models\\District'),
(165, 'Jose Marmol', 'jose-marmol', 20, 'App\\Models\\District'),
(166, 'Longchamps', 'longchamps', 20, 'App\\Models\\District'),
(167, 'Malvinas Argentinas', 'malvinas-argentinas-2', 20, 'App\\Models\\District'),
(168, 'Ministro Rivadavia', 'ministro-rivadavia', 20, 'App\\Models\\District'),
(169, 'Rafael Calzada', 'rafael-calzada', 20, 'App\\Models\\District'),
(170, 'San Fransisco De Asis', 'san-fransisco-de-asis', 20, 'App\\Models\\District'),
(171, 'San Jose', 'san-jose', 20, 'App\\Models\\District'),
(172, 'Solano', 'solano', 20, 'App\\Models\\District'),
(173, 'Avellaneda', 'avellaneda', 21, 'App\\Models\\District'),
(174, 'Crucesita', 'crucesita', 21, 'App\\Models\\District'),
(175, 'Dock Sud', 'dock-sud', 21, 'App\\Models\\District'),
(176, 'Gerli', 'gerli', 21, 'App\\Models\\District'),
(177, 'Piñeyro', 'pineyro', 21, 'App\\Models\\District'),
(178, 'Sarandi', 'sarandi', 21, 'App\\Models\\District'),
(179, 'Villa Dominico', 'villa-dominico', 21, 'App\\Models\\District'),
(180, 'Wilde', 'wilde', 21, 'App\\Models\\District'),
(181, 'Berazategui', 'berazategui', 22, 'App\\Models\\District'),
(182, 'El Pato', 'el-pato', 22, 'App\\Models\\District'),
(183, 'Hudson', 'hudson', 22, 'App\\Models\\District'),
(184, 'Juan Maria Gutierres', 'juan-maria-gutierres', 22, 'App\\Models\\District'),
(185, 'Platanos', 'platanos', 22, 'App\\Models\\District'),
(186, 'Ranelagh', 'ranelagh', 22, 'App\\Models\\District'),
(187, 'Villa España', 'villa-espana', 22, 'App\\Models\\District'),
(188, 'Canning', 'canning', 23, 'App\\Models\\District'),
(189, 'El Jaguel', 'el-jaguel', 23, 'App\\Models\\District'),
(190, 'Luis Guillon', 'luis-guillon', 23, 'App\\Models\\District'),
(191, 'Monte Grande', 'monte-grande', 23, 'App\\Models\\District'),
(192, 'Nueve De Abril', 'nueve-de-abril', 23, 'App\\Models\\District'),
(193, 'Canning', 'canning-2', 24, 'App\\Models\\District'),
(194, 'Carlos Spegazzini', 'carlos-spegazzini', 24, 'App\\Models\\District'),
(195, 'Ezeiza', 'ezeiza', 24, 'App\\Models\\District'),
(196, 'La Union', 'la-union', 24, 'App\\Models\\District'),
(197, 'Tristan Suarez', 'tristan-suarez', 24, 'App\\Models\\District'),
(198, 'Bosques', 'bosques', 25, 'App\\Models\\District'),
(199, 'Estanislao Severo Zeballos', 'estanislao-severo-zeballos', 25, 'App\\Models\\District'),
(200, 'Florencio Varela', 'florencio-varela', 25, 'App\\Models\\District'),
(201, 'Gobernador Julio A. Costa', 'gobernador-julio-a-costa', 25, 'App\\Models\\District'),
(202, 'Ingeniero Allan', 'ingeniero-allan', 25, 'App\\Models\\District'),
(203, 'Villa Brow', 'villa-brow', 25, 'App\\Models\\District'),
(204, 'Villa San Luis', 'villa-san-luis', 25, 'App\\Models\\District'),
(205, 'Villa Santa Rosa', 'villa-santa-rosa', 25, 'App\\Models\\District'),
(206, 'Villa Vatteone', 'villa-vatteone', 25, 'App\\Models\\District'),
(207, 'Gerli', 'gerli-2', 26, 'App\\Models\\District'),
(208, 'Lanus', 'lanus', 26, 'App\\Models\\District'),
(209, 'Monte Chingolo', 'monte-chingolo', 26, 'App\\Models\\District'),
(210, 'Remedios De Escalada', 'remedios-de-escalada-2', 26, 'App\\Models\\District'),
(211, 'Valentin Alsina', 'valentin-alsina', 26, 'App\\Models\\District'),
(212, 'Banfield', 'banfield', 27, 'App\\Models\\District'),
(213, 'Llavallol', 'llavallol', 27, 'App\\Models\\District'),
(214, 'Lomas De Zamora', 'lomas-de-zamora', 27, 'App\\Models\\District'),
(215, 'Temperley', 'temperley', 27, 'App\\Models\\District'),
(216, 'Turdera', 'turdera', 27, 'App\\Models\\District'),
(217, 'Villa Centenario', 'villa-centenario', 27, 'App\\Models\\District'),
(218, 'Villa Fiorito', 'villa-fiorito', 27, 'App\\Models\\District'),
(219, 'Guernica', 'guernica', 28, 'App\\Models\\District'),
(220, 'Bernal', 'bernal', 29, 'App\\Models\\District'),
(221, 'Don Bosco', 'don-bosco', 29, 'App\\Models\\District'),
(222, 'Ezpeleta', 'ezpeleta', 29, 'App\\Models\\District'),
(223, 'Quilmes', 'quilmes', 29, 'App\\Models\\District'),
(224, 'Solano', 'solano-2', 29, 'App\\Models\\District'),
(225, 'Villa La Florida', 'villa-la-florida', 29, 'App\\Models\\District'),
(226, 'Alejandro Korn', 'alejandro-korn', 30, 'App\\Models\\District'),
(227, 'San Vicente', 'san-vicente', 30, 'App\\Models\\District'),
(228, '9 De Julio', '9-de-julio', 5, 'App\\Models\\State'),
(229, '25 De Mayo', '25-de-mayo', 5, 'App\\Models\\State'),
(230, 'Alberti', 'alberti', 5, 'App\\Models\\State'),
(231, 'Ameghino', 'ameghino', 5, 'App\\Models\\State'),
(232, 'Arrecifes', 'arrecifes', 5, 'App\\Models\\State'),
(233, 'Ayacucho', 'ayacucho', 5, 'App\\Models\\State'),
(234, 'Azul', 'azul', 5, 'App\\Models\\State'),
(235, 'Bahía Blanca', 'bahia-blanca', 5, 'App\\Models\\State'),
(236, 'Balcarce', 'balcarce', 5, 'App\\Models\\State'),
(237, 'Baradero', 'baradero', 5, 'App\\Models\\State'),
(238, 'Benito Juarez', 'benito-juarez', 5, 'App\\Models\\State'),
(239, 'Berisso', 'berisso', 5, 'App\\Models\\State'),
(240, 'Bolivar', 'bolivar', 5, 'App\\Models\\State'),
(241, 'Bragado', 'bragado', 5, 'App\\Models\\State'),
(242, 'Brandsen', 'brandsen', 5, 'App\\Models\\State'),
(243, 'Campana', 'campana', 5, 'App\\Models\\State'),
(244, 'Cañuelas', 'canuelas', 5, 'App\\Models\\State'),
(245, 'Capilla Del Señor', 'capilla-del-senor', 5, 'App\\Models\\State'),
(246, 'Capitán Sarmiento', 'capitan-sarmiento', 5, 'App\\Models\\State'),
(247, 'Carhue', 'carhue', 5, 'App\\Models\\State'),
(248, 'Carlos Casares', 'carlos-casares', 5, 'App\\Models\\State'),
(249, 'Carlos Tejedor', 'carlos-tejedor', 5, 'App\\Models\\State'),
(250, 'Carmen De Areco', 'carmen-de-areco', 5, 'App\\Models\\State'),
(251, 'Castelli', 'castelli', 5, 'App\\Models\\State'),
(252, 'Chacabuco', 'chacabuco', 5, 'App\\Models\\State'),
(253, 'Chascomús', 'chascomus', 5, 'App\\Models\\State'),
(254, 'Chivilcoy', 'chivilcoy', 5, 'App\\Models\\State'),
(255, 'Colón', 'colon', 5, 'App\\Models\\State'),
(256, 'Coronel Dorrego', 'coronel-dorrego', 5, 'App\\Models\\State'),
(257, 'Coronel Pringles', 'coronel-pringles', 5, 'App\\Models\\State'),
(258, 'Coronel Suárez', 'coronel-suarez', 5, 'App\\Models\\State'),
(259, 'Coronel Vidal', 'coronel-vidal', 5, 'App\\Models\\State'),
(260, 'Daireaux', 'daireaux', 5, 'App\\Models\\State'),
(261, 'Dolores', 'dolores', 5, 'App\\Models\\State'),
(262, 'Ensenada', 'ensenada', 5, 'App\\Models\\State'),
(263, 'General Alvear', 'general-alvear', 5, 'App\\Models\\State'),
(264, 'General Arenales', 'general-arenales', 5, 'App\\Models\\State'),
(265, 'General Belgrano', 'general-belgrano', 5, 'App\\Models\\State'),
(266, 'General Conesa', 'general-conesa', 5, 'App\\Models\\State'),
(267, 'General Guido', 'general-guido', 5, 'App\\Models\\State'),
(268, 'General La Madrid', 'general-la-madrid', 5, 'App\\Models\\State'),
(269, 'General Las Heras', 'general-las-heras', 5, 'App\\Models\\State'),
(270, 'General Lavalle', 'general-lavalle', 5, 'App\\Models\\State'),
(271, 'General Pinto', 'general-pinto', 5, 'App\\Models\\State'),
(272, 'General Villegas', 'general-villegas', 5, 'App\\Models\\State'),
(273, 'Gonzalez Chaves', 'gonzalez-chaves', 5, 'App\\Models\\State'),
(274, 'Guaminí', 'guamini', 5, 'App\\Models\\State'),
(275, 'Henderson', 'henderson', 5, 'App\\Models\\State'),
(276, 'Junín', 'junin', 5, 'App\\Models\\State'),
(277, 'La Costa', 'la-costa', 5, 'App\\Models\\State'),
(278, 'La Plata', 'la-plata', 5, 'App\\Models\\State'),
(279, 'Laprida', 'laprida', 5, 'App\\Models\\State'),
(280, 'Las Flores', 'las-flores', 5, 'App\\Models\\State'),
(281, 'Lezama', 'lezama', 5, 'App\\Models\\State'),
(282, 'Lincoln', 'lincoln', 5, 'App\\Models\\State'),
(283, 'Lobería', 'loberia', 5, 'App\\Models\\State'),
(284, 'Lobos', 'lobos', 5, 'App\\Models\\State'),
(285, 'Los Toldos', 'los-toldos', 5, 'App\\Models\\State'),
(286, 'Lujan', 'lujan', 5, 'App\\Models\\State'),
(287, 'Madariaga', 'madariaga', 5, 'App\\Models\\State'),
(288, 'Magdalena', 'magdalena', 5, 'App\\Models\\State'),
(289, 'Maipú', 'maipu', 5, 'App\\Models\\State'),
(290, 'Mar Del Plata', 'mar-del-plata', 5, 'App\\Models\\State'),
(291, 'Mercedes', 'mercedes', 5, 'App\\Models\\State'),
(292, 'Miramar', 'miramar', 5, 'App\\Models\\State'),
(293, 'Monte', 'monte', 5, 'App\\Models\\State'),
(294, 'Monte Hermoso', 'monte-hermoso', 5, 'App\\Models\\State'),
(295, 'Navarro', 'navarro', 5, 'App\\Models\\State'),
(296, 'Necochea', 'necochea', 5, 'App\\Models\\State'),
(297, 'Olavarría', 'olavarria', 5, 'App\\Models\\State'),
(298, 'Patagones', 'patagones', 5, 'App\\Models\\State'),
(299, 'Pehuajó', 'pehuajo', 5, 'App\\Models\\State'),
(300, 'Pellegrini', 'pellegrini', 5, 'App\\Models\\State'),
(301, 'Pergamino', 'pergamino', 5, 'App\\Models\\State'),
(302, 'Pigue', 'pigue', 5, 'App\\Models\\State'),
(303, 'Pila', 'pila', 5, 'App\\Models\\State'),
(304, 'Pinamar', 'pinamar', 5, 'App\\Models\\State'),
(305, 'Puán', 'puan', 5, 'App\\Models\\State'),
(306, 'Punta Alta', 'punta-alta', 5, 'App\\Models\\State'),
(307, 'Punta Indio', 'punta-indio', 5, 'App\\Models\\State'),
(308, 'Ramallo', 'ramallo', 5, 'App\\Models\\State'),
(309, 'Rauch', 'rauch', 5, 'App\\Models\\State'),
(310, 'Rivadavia', 'rivadavia', 5, 'App\\Models\\State'),
(311, 'Rojas', 'rojas', 5, 'App\\Models\\State'),
(312, 'Roque Pérez', 'roque-perez', 5, 'App\\Models\\State'),
(313, 'Saladillo', 'saladillo', 5, 'App\\Models\\State'),
(314, 'Salliquelo', 'salliquelo', 5, 'App\\Models\\State'),
(315, 'Salto', 'salto', 5, 'App\\Models\\State'),
(316, 'San Andrés De Giles', 'san-andres-de-giles', 5, 'App\\Models\\State'),
(317, 'San Antonio De Areco', 'san-antonio-de-areco', 5, 'App\\Models\\State'),
(318, 'San Cayetano', 'san-cayetano', 5, 'App\\Models\\State'),
(319, 'San Nicolás', 'san-nicolas-2', 5, 'App\\Models\\State'),
(320, 'San Pedro', 'san-pedro', 5, 'App\\Models\\State'),
(321, 'Suipacha', 'suipacha', 5, 'App\\Models\\State'),
(322, 'Tandil', 'tandil', 5, 'App\\Models\\State'),
(323, 'Tapalque', 'tapalque', 5, 'App\\Models\\State'),
(324, 'Tornquist', 'tornquist', 5, 'App\\Models\\State'),
(325, 'Trenque Lauquen', 'trenque-lauquen', 5, 'App\\Models\\State'),
(326, 'Tres Arroyos', 'tres-arroyos', 5, 'App\\Models\\State'),
(327, 'Tres Lomas', 'tres-lomas', 5, 'App\\Models\\State'),
(328, 'Vedia', 'vedia', 5, 'App\\Models\\State'),
(329, 'Villa Gesell', 'villa-gesell', 5, 'App\\Models\\State'),
(330, 'Villarino', 'villarino', 5, 'App\\Models\\State'),
(331, 'Zarate', 'zarate', 5, 'App\\Models\\State'),
(332, 'Ancasti', 'ancasti', 6, 'App\\Models\\State'),
(333, 'Andalgala', 'andalgala', 6, 'App\\Models\\State'),
(334, 'Antofagasta De La Sierra', 'antofagasta-de-la-sierra', 6, 'App\\Models\\State'),
(335, 'Bañado De Ovanta', 'banado-de-ovanta', 6, 'App\\Models\\State'),
(336, 'Belen', 'belen', 6, 'App\\Models\\State'),
(337, 'Chumbicha', 'chumbicha', 6, 'App\\Models\\State'),
(338, 'El Alto', 'el-alto', 6, 'App\\Models\\State'),
(339, 'Fray Mamerto Esquiu', 'fray-mamerto-esquiu', 6, 'App\\Models\\State'),
(340, 'La Merced', 'la-merced', 6, 'App\\Models\\State'),
(341, 'La Puerta', 'la-puerta', 6, 'App\\Models\\State'),
(342, 'Poman', 'poman', 6, 'App\\Models\\State'),
(343, 'Recreo', 'recreo', 6, 'App\\Models\\State'),
(344, 'San Fernando Del Valle De Catamarca', 'san-fernando-del-valle-de-catamarca', 6, 'App\\Models\\State'),
(345, 'San Isidro', 'san-isidro-2', 6, 'App\\Models\\State'),
(346, 'Santa Maria', 'santa-maria-2', 6, 'App\\Models\\State'),
(347, 'Tinogasta', 'tinogasta', 6, 'App\\Models\\State'),
(348, 'Barranqueras', 'barranqueras', 7, 'App\\Models\\State'),
(349, 'Campo Largo', 'campo-largo', 7, 'App\\Models\\State'),
(350, 'Castelli', 'castelli-2', 7, 'App\\Models\\State'),
(351, 'Charadai', 'charadai', 7, 'App\\Models\\State'),
(352, 'Charata', 'charata', 7, 'App\\Models\\State'),
(353, 'Colonia Elisa', 'colonia-elisa', 7, 'App\\Models\\State'),
(354, 'Corzuela', 'corzuela', 7, 'App\\Models\\State'),
(355, 'Fontana', 'fontana', 7, 'App\\Models\\State'),
(356, 'General Jose De San Martin', 'general-jose-de-san-martin', 7, 'App\\Models\\State'),
(357, 'General Pinedo', 'general-pinedo', 7, 'App\\Models\\State'),
(358, 'Hermoso Campo', 'hermoso-campo', 7, 'App\\Models\\State'),
(359, 'La Leonesa', 'la-leonesa', 7, 'App\\Models\\State'),
(360, 'Las Breñas', 'las-brenas', 7, 'App\\Models\\State'),
(361, 'Machagai', 'machagai', 7, 'App\\Models\\State'),
(362, 'Makalle', 'makalle', 7, 'App\\Models\\State'),
(363, 'Margarita Belen', 'margarita-belen', 7, 'App\\Models\\State'),
(364, 'Pampa Del Infierno', 'pampa-del-infierno', 7, 'App\\Models\\State'),
(365, 'Pampa Del Infierno', 'pampa-del-infierno-2', 7, 'App\\Models\\State'),
(366, 'Presidencia De La Plaza', 'presidencia-de-la-plaza', 7, 'App\\Models\\State'),
(367, 'Presidencia Roque Saenz Peña', 'presidencia-roque-saenz-pena', 7, 'App\\Models\\State'),
(368, 'Puerto Tirol', 'puerto-tirol', 7, 'App\\Models\\State'),
(369, 'Quitilipi', 'quitilipi', 7, 'App\\Models\\State'),
(370, 'Resistencia', 'resistencia', 7, 'App\\Models\\State'),
(371, 'San Bernardo', 'san-bernardo', 7, 'App\\Models\\State'),
(372, 'Santa Sylvina', 'santa-sylvina', 7, 'App\\Models\\State'),
(373, 'Taco Pozo', 'taco-pozo', 7, 'App\\Models\\State'),
(374, 'Tres Isletas', 'tres-isletas', 7, 'App\\Models\\State'),
(375, 'Villa Angela', 'villa-angela', 7, 'App\\Models\\State'),
(376, 'Villa Berthet', 'villa-berthet', 7, 'App\\Models\\State'),
(377, 'Alto Rio Senguer', 'alto-rio-senguer', 8, 'App\\Models\\State'),
(378, 'Camarones', 'camarones', 8, 'App\\Models\\State'),
(379, 'Comodoro Rivadavia', 'comodoro-rivadavia', 8, 'App\\Models\\State'),
(380, 'Esquel', 'esquel', 8, 'App\\Models\\State'),
(381, 'Gaiman', 'gaiman', 8, 'App\\Models\\State'),
(382, 'Gastre', 'gastre', 8, 'App\\Models\\State'),
(383, 'Jose De San Martin', 'jose-de-san-martin', 8, 'App\\Models\\State'),
(384, 'Lago Puelo', 'lago-puelo', 8, 'App\\Models\\State'),
(385, 'Las Plumas', 'las-plumas', 8, 'App\\Models\\State'),
(386, 'Leleque', 'leleque', 8, 'App\\Models\\State'),
(387, 'Paso De Indios', 'paso-de-indios', 8, 'App\\Models\\State'),
(388, 'Puerto Madryn', 'puerto-madryn', 8, 'App\\Models\\State'),
(389, 'Rawson', 'rawson', 8, 'App\\Models\\State'),
(390, 'Sarmiento', 'sarmiento', 8, 'App\\Models\\State'),
(391, 'Tecka', 'tecka', 8, 'App\\Models\\State'),
(392, 'Telsen', 'telsen', 8, 'App\\Models\\State'),
(393, 'Trelew', 'trelew', 8, 'App\\Models\\State'),
(394, 'Trevelin', 'trevelin', 8, 'App\\Models\\State'),
(395, 'Alta Gracia', 'alta-gracia', 9, 'App\\Models\\State'),
(396, 'Arroyito', 'arroyito', 9, 'App\\Models\\State'),
(397, 'Bell Ville', 'bell-ville', 9, 'App\\Models\\State'),
(398, 'Cañada Verde', 'canada-verde', 9, 'App\\Models\\State'),
(399, 'Colonia Caroya', 'colonia-caroya', 9, 'App\\Models\\State'),
(400, 'Cordoba', 'cordoba', 9, 'App\\Models\\State'),
(401, 'Cosquin', 'cosquin', 9, 'App\\Models\\State'),
(402, 'Cruz Del Eje', 'cruz-del-eje', 9, 'App\\Models\\State'),
(403, 'Dean Funes', 'dean-funes', 9, 'App\\Models\\State'),
(404, 'Jesus Maria', 'jesus-maria', 9, 'App\\Models\\State'),
(405, 'La Carlota', 'la-carlota', 9, 'App\\Models\\State'),
(406, 'Laboulaye', 'laboulaye', 9, 'App\\Models\\State'),
(407, 'Marcos Juarez', 'marcos-juarez', 9, 'App\\Models\\State'),
(408, 'Oliva', 'oliva', 9, 'App\\Models\\State'),
(409, 'Rio Cuarto', 'rio-cuarto', 9, 'App\\Models\\State'),
(410, 'Rio Primero', 'rio-primero', 9, 'App\\Models\\State'),
(411, 'Rio Segundo', 'rio-segundo', 9, 'App\\Models\\State'),
(412, 'Rio Tercero', 'rio-tercero', 9, 'App\\Models\\State'),
(413, 'Salsacate', 'salsacate', 9, 'App\\Models\\State'),
(414, 'San Agustin', 'san-agustin', 9, 'App\\Models\\State'),
(415, 'San Carlos Minas', 'san-carlos-minas', 9, 'App\\Models\\State'),
(416, 'San Fransisco', 'san-fransisco', 9, 'App\\Models\\State'),
(417, 'San Fransisco Del Chañar', 'san-fransisco-del-chanar', 9, 'App\\Models\\State'),
(418, 'Santa Maria De Punilla', 'santa-maria-de-punilla', 9, 'App\\Models\\State'),
(419, 'Santa Rosa De Calamuchita', 'santa-rosa-de-calamuchita', 9, 'App\\Models\\State'),
(420, 'Santa Rosa De Rio Primero', 'santa-rosa-de-rio-primero', 9, 'App\\Models\\State'),
(421, 'Villa Carlos Paz', 'villa-carlos-paz', 9, 'App\\Models\\State'),
(422, 'Villa Cura Brochero', 'villa-cura-brochero', 9, 'App\\Models\\State'),
(423, 'Villa De Maria', 'villa-de-maria', 9, 'App\\Models\\State'),
(424, 'Villa Del Totoral', 'villa-del-totoral', 9, 'App\\Models\\State'),
(425, 'Villa Dolores', 'villa-dolores', 9, 'App\\Models\\State'),
(426, 'Villa Maria', 'villa-maria', 9, 'App\\Models\\State'),
(427, 'Villa Nueva', 'villa-nueva', 9, 'App\\Models\\State'),
(428, 'Villa Tulumba', 'villa-tulumba', 9, 'App\\Models\\State'),
(429, 'Alvear', 'alvear', 10, 'App\\Models\\State'),
(430, 'Bella Vista', 'bella-vista-2', 10, 'App\\Models\\State'),
(431, 'Beron De Astrada', 'beron-de-astrada', 10, 'App\\Models\\State'),
(432, 'Caa Cati', 'caa-cati', 10, 'App\\Models\\State'),
(433, 'Concepcion', 'concepcion', 10, 'App\\Models\\State'),
(434, 'Corrientes', 'corrientes', 10, 'App\\Models\\State'),
(435, 'Curuzu Cuatia', 'curuzu-cuatia', 10, 'App\\Models\\State'),
(436, 'Empedrado', 'empedrado', 10, 'App\\Models\\State'),
(437, 'Esquina', 'esquina', 10, 'App\\Models\\State'),
(438, 'Gobernador Virasoro', 'gobernador-virasoro', 10, 'App\\Models\\State'),
(439, 'Goya', 'goya', 10, 'App\\Models\\State'),
(440, 'Itati', 'itati', 10, 'App\\Models\\State'),
(441, 'Ituzaingo', 'ituzaingo-2', 10, 'App\\Models\\State'),
(442, 'La Cruz', 'la-cruz', 10, 'App\\Models\\State'),
(443, 'Mburucuya', 'mburucuya', 10, 'App\\Models\\State'),
(444, 'Mercedes', 'mercedes-2', 10, 'App\\Models\\State'),
(445, 'Mocoreta', 'mocoreta', 10, 'App\\Models\\State'),
(446, 'Monte Caseros', 'monte-caseros', 10, 'App\\Models\\State'),
(447, 'Paso De Los Libres', 'paso-de-los-libres', 10, 'App\\Models\\State'),
(448, 'Saladas', 'saladas', 10, 'App\\Models\\State'),
(449, 'San Cosme', 'san-cosme', 10, 'App\\Models\\State'),
(450, 'San Luis Del Palmar', 'san-luis-del-palmar', 10, 'App\\Models\\State'),
(451, 'San Miguel', 'san-miguel-2', 10, 'App\\Models\\State'),
(452, 'San Roque', 'san-roque', 10, 'App\\Models\\State'),
(453, 'Santa Lucia', 'santa-lucia', 10, 'App\\Models\\State'),
(454, 'Santo Tome', 'santo-tome', 10, 'App\\Models\\State'),
(455, 'Sauce', 'sauce', 10, 'App\\Models\\State'),
(456, 'Colon', 'colon-2', 11, 'App\\Models\\State'),
(457, 'Concepcion Del Uruguay', 'concepcion-del-uruguay', 11, 'App\\Models\\State'),
(458, 'Chajari', 'chajari', 11, 'App\\Models\\State'),
(459, 'Concordia', 'concordia', 11, 'App\\Models\\State'),
(460, 'Ibicuy', 'ibicuy', 11, 'App\\Models\\State'),
(461, 'Diamante', 'diamante', 11, 'App\\Models\\State'),
(462, 'Federacion', 'federacion', 11, 'App\\Models\\State'),
(463, 'Federal', 'federal', 11, 'App\\Models\\State'),
(464, 'Gualeguay', 'gualeguay', 11, 'App\\Models\\State'),
(465, 'Gualeguaychu', 'gualeguaychu', 11, 'App\\Models\\State'),
(466, 'La Paz', 'la-paz', 11, 'App\\Models\\State'),
(467, 'Nogoya', 'nogoya', 11, 'App\\Models\\State'),
(468, 'Parana', 'parana', 11, 'App\\Models\\State'),
(469, 'Rosario Del Tala', 'rosario-del-tala', 11, 'App\\Models\\State'),
(470, 'San Jose De Feliciano', 'san-jose-de-feliciano', 11, 'App\\Models\\State'),
(471, 'San Salvador', 'san-salvador', 11, 'App\\Models\\State'),
(472, 'Victoria', 'victoria-2', 11, 'App\\Models\\State'),
(473, 'Villaguay', 'villaguay', 11, 'App\\Models\\State'),
(474, 'Villa Elisa', 'villa-elisa', 11, 'App\\Models\\State'),
(475, 'Villa Paranacito', 'villa-paranacito', 11, 'App\\Models\\State'),
(476, 'Clorinda', 'clorinda', 12, 'App\\Models\\State'),
(477, 'Comandante Fontana', 'comandante-fontana', 12, 'App\\Models\\State'),
(478, 'El Colorado', 'el-colorado', 12, 'App\\Models\\State'),
(479, 'El Espinillo', 'el-espinillo', 12, 'App\\Models\\State'),
(480, 'Formosa', 'formosa', 12, 'App\\Models\\State'),
(481, 'General Mosconi', 'general-mosconi', 12, 'App\\Models\\State'),
(482, 'Ingeniero Juarez', 'ingeniero-juarez', 12, 'App\\Models\\State'),
(483, 'Laguna Blanca', 'laguna-blanca', 12, 'App\\Models\\State'),
(484, 'Laguna Yema', 'laguna-yema', 12, 'App\\Models\\State'),
(485, 'Las Lomitas', 'las-lomitas', 12, 'App\\Models\\State'),
(486, 'Palo Santo', 'palo-santo', 12, 'App\\Models\\State'),
(487, 'Pirane', 'pirane', 12, 'App\\Models\\State'),
(488, 'Pozo Del Tigre', 'pozo-del-tigre', 12, 'App\\Models\\State'),
(489, 'San Fransisco De Laishi', 'san-fransisco-de-laishi', 12, 'App\\Models\\State'),
(490, 'Abra Pampa', 'abra-pampa', 13, 'App\\Models\\State'),
(491, 'Caimancito', 'caimancito', 13, 'App\\Models\\State'),
(492, 'Calilegua', 'calilegua', 13, 'App\\Models\\State'),
(493, 'El Carmen', 'el-carmen', 13, 'App\\Models\\State'),
(494, 'El Talar', 'el-talar-2', 13, 'App\\Models\\State'),
(495, 'Fraile Pintado', 'fraile-pintado', 13, 'App\\Models\\State'),
(496, 'Humahuaca', 'humahuaca', 13, 'App\\Models\\State'),
(497, 'La Quiaca', 'la-quiaca', 13, 'App\\Models\\State'),
(498, 'Libertador', 'libertador', 13, 'App\\Models\\State'),
(499, 'Palpala', 'palpala', 13, 'App\\Models\\State'),
(500, 'Perico', 'perico', 13, 'App\\Models\\State'),
(501, 'Rinconada', 'rinconada', 13, 'App\\Models\\State'),
(502, 'San Antonio', 'san-antonio', 13, 'App\\Models\\State'),
(503, 'San Pedro De Jujuy', 'san-pedro-de-jujuy', 13, 'App\\Models\\State'),
(504, 'San Salvador De Jujuy', 'san-salvador-de-jujuy', 13, 'App\\Models\\State'),
(505, 'Santa Catalina', 'santa-catalina', 13, 'App\\Models\\State'),
(506, 'Santa Clara', 'santa-clara', 13, 'App\\Models\\State'),
(507, 'Susques', 'susques', 13, 'App\\Models\\State'),
(508, 'Tilcara', 'tilcara', 13, 'App\\Models\\State'),
(509, 'Tumbaya', 'tumbaya', 13, 'App\\Models\\State'),
(510, 'Valle Grande', 'valle-grande', 13, 'App\\Models\\State'),
(511, 'Yuto', 'yuto', 13, 'App\\Models\\State'),
(512, '25 De Mayo', '25-de-mayo-2', 14, 'App\\Models\\State'),
(513, 'Algarrobo Del Aguila', 'algarrobo-del-aguila', 14, 'App\\Models\\State'),
(514, 'Bernasconi', 'bernasconi', 14, 'App\\Models\\State'),
(515, 'Catrilo', 'catrilo', 14, 'App\\Models\\State'),
(516, 'Cuchilo-Co', 'cuchilo-co', 14, 'App\\Models\\State'),
(517, 'Eduardo Castex', 'eduardo-castex', 14, 'App\\Models\\State'),
(518, 'General Acha', 'general-acha', 14, 'App\\Models\\State'),
(519, 'General Pico', 'general-pico', 14, 'App\\Models\\State'),
(520, 'Guatrache', 'guatrache', 14, 'App\\Models\\State'),
(521, 'Intendente Alvear', 'intendente-alvear', 14, 'App\\Models\\State'),
(522, 'La Adela', 'la-adela', 14, 'App\\Models\\State'),
(523, 'Limay Mahuida', 'limay-mahuida', 14, 'App\\Models\\State'),
(524, 'Macachin', 'macachin', 14, 'App\\Models\\State'),
(525, 'Parera', 'parera', 14, 'App\\Models\\State'),
(526, 'Puelches', 'puelches', 14, 'App\\Models\\State'),
(527, 'Quemu Quemu', 'quemu-quemu', 14, 'App\\Models\\State'),
(528, 'Realico', 'realico', 14, 'App\\Models\\State'),
(529, 'Santa Isabel', 'santa-isabel', 14, 'App\\Models\\State'),
(530, 'Santa Rosa', 'santa-rosa', 14, 'App\\Models\\State'),
(531, 'Toay', 'toay', 14, 'App\\Models\\State'),
(532, 'Trenel', 'trenel', 14, 'App\\Models\\State'),
(533, 'Victoria', 'victoria-3', 14, 'App\\Models\\State'),
(534, 'Aimogasta', 'aimogasta', 15, 'App\\Models\\State'),
(535, 'Aminga', 'aminga', 15, 'App\\Models\\State'),
(536, 'Catuna', 'catuna', 15, 'App\\Models\\State'),
(537, 'Chamical', 'chamical', 15, 'App\\Models\\State'),
(538, 'Chepes', 'chepes', 15, 'App\\Models\\State'),
(539, 'Chilecito', 'chilecito', 15, 'App\\Models\\State'),
(540, 'Famatina', 'famatina', 15, 'App\\Models\\State'),
(541, 'La Rioja', 'la-rioja', 15, 'App\\Models\\State'),
(542, 'Malanzan', 'malanzan', 15, 'App\\Models\\State'),
(543, 'Olta', 'olta', 15, 'App\\Models\\State'),
(544, 'Patquia', 'patquia', 15, 'App\\Models\\State'),
(545, 'San Blas', 'san-blas', 15, 'App\\Models\\State'),
(546, 'Tama', 'tama', 15, 'App\\Models\\State'),
(547, 'Ulapes', 'ulapes', 15, 'App\\Models\\State'),
(548, 'Villa Castelli', 'villa-castelli', 15, 'App\\Models\\State'),
(549, 'Villa Sanagasta', 'villa-sanagasta', 15, 'App\\Models\\State'),
(550, 'Villa Union', 'villa-union', 15, 'App\\Models\\State'),
(551, 'Vinchina', 'vinchina', 15, 'App\\Models\\State'),
(552, 'General Alvear', 'general-alvear-2', 16, 'App\\Models\\State'),
(553, 'Godoy Cruz', 'godoy-cruz', 16, 'App\\Models\\State'),
(554, 'Guaymallen', 'guaymallen', 16, 'App\\Models\\State'),
(555, 'Junin', 'junin-2', 16, 'App\\Models\\State'),
(556, 'La Paz', 'la-paz-2', 16, 'App\\Models\\State'),
(557, 'Las Heras', 'las-heras', 16, 'App\\Models\\State'),
(558, 'Lavalle', 'lavalle', 16, 'App\\Models\\State'),
(559, 'Lujan De Cuyo', 'lujan-de-cuyo', 16, 'App\\Models\\State'),
(560, 'Maipu', 'maipu-2', 16, 'App\\Models\\State'),
(561, 'Malargue', 'malargue', 16, 'App\\Models\\State'),
(562, 'Mendoza', 'mendoza', 16, 'App\\Models\\State'),
(563, 'Rivadavia', 'rivadavia-2', 16, 'App\\Models\\State'),
(564, 'San Carlos', 'san-carlos', 16, 'App\\Models\\State'),
(565, 'San Martin', 'san-martin-2', 16, 'App\\Models\\State'),
(566, 'San Rafael', 'san-rafael', 16, 'App\\Models\\State'),
(567, 'Santa Rosa', 'santa-rosa-2', 16, 'App\\Models\\State'),
(568, 'Tunuyan', 'tunuyan', 16, 'App\\Models\\State'),
(569, 'Tupungato', 'tupungato', 16, 'App\\Models\\State'),
(570, '25 De Mayo', '25-de-mayo-3', 17, 'App\\Models\\State'),
(571, 'Apostoles', 'apostoles', 17, 'App\\Models\\State'),
(572, 'Aristobulo Del Valle', 'aristobulo-del-valle', 17, 'App\\Models\\State'),
(573, 'Bernardo De Irigoyen', 'bernardo-de-irigoyen', 17, 'App\\Models\\State'),
(574, 'Campo Grande', 'campo-grande', 17, 'App\\Models\\State'),
(575, 'Candelaria', 'candelaria', 17, 'App\\Models\\State'),
(576, 'Concepcion De La Sierra', 'concepcion-de-la-sierra', 17, 'App\\Models\\State'),
(577, 'El Sobervio', 'el-sobervio', 17, 'App\\Models\\State'),
(578, 'Eldorado', 'eldorado', 17, 'App\\Models\\State'),
(579, 'Guarani', 'guarani', 17, 'App\\Models\\State'),
(580, 'Iguazu', 'iguazu', 17, 'App\\Models\\State'),
(581, 'Jardin America', 'jardin-america', 17, 'App\\Models\\State'),
(582, 'Leandro N. Alem', 'leandro-n-alem', 17, 'App\\Models\\State'),
(583, 'Libertador Gral. San Martin', 'libertador-gral-san-martin', 17, 'App\\Models\\State'),
(584, 'Montecarlo', 'montecarlo', 17, 'App\\Models\\State'),
(585, 'Obera', 'obera', 17, 'App\\Models\\State'),
(586, 'Posadas', 'posadas', 17, 'App\\Models\\State'),
(587, 'Puerto Iguazu', 'puerto-iguazu', 17, 'App\\Models\\State'),
(588, 'San Ignacio', 'san-ignacio', 17, 'App\\Models\\State'),
(589, 'San Javier', 'san-javier', 17, 'App\\Models\\State'),
(590, 'San Pedro', 'san-pedro-2', 17, 'App\\Models\\State'),
(591, 'San Vicente', 'san-vicente-2', 17, 'App\\Models\\State'),
(592, 'Alumine', 'alumine', 18, 'App\\Models\\State'),
(593, 'Andacollo', 'andacollo', 18, 'App\\Models\\State'),
(594, 'Añelo', 'anelo', 18, 'App\\Models\\State'),
(595, 'Buta Ranquil', 'buta-ranquil', 18, 'App\\Models\\State'),
(596, 'Centenario', 'centenario', 18, 'App\\Models\\State'),
(597, 'Chos Malal', 'chos-malal', 18, 'App\\Models\\State'),
(598, 'Cutral Co', 'cutral-co', 18, 'App\\Models\\State'),
(599, 'El Huecu', 'el-huecu', 18, 'App\\Models\\State'),
(600, 'Junin De Los Andes', 'junin-de-los-andes', 18, 'App\\Models\\State'),
(601, 'Las Coloradas', 'las-coloradas', 18, 'App\\Models\\State'),
(602, 'Las Lajas', 'las-lajas', 18, 'App\\Models\\State'),
(603, 'Loncopue', 'loncopue', 18, 'App\\Models\\State'),
(604, 'Neuquen', 'neuquen', 18, 'App\\Models\\State'),
(605, 'Picun Leufu', 'picun-leufu', 18, 'App\\Models\\State'),
(606, 'Piedra Del Aguila', 'piedra-del-aguila', 18, 'App\\Models\\State'),
(607, 'Plaza Huincul', 'plaza-huincul', 18, 'App\\Models\\State'),
(608, 'Plottier', 'plottier', 18, 'App\\Models\\State'),
(609, 'Rincon De Los Sauces', 'rincon-de-los-sauces', 18, 'App\\Models\\State'),
(610, 'San Martin De Los Andes', 'san-martin-de-los-andes', 18, 'App\\Models\\State'),
(611, 'San Patricio Del Chañar', 'san-patricio-del-chanar', 18, 'App\\Models\\State'),
(612, 'Senillosa', 'senillosa', 18, 'App\\Models\\State'),
(613, 'Villa La Angostura', 'villa-la-angostura', 18, 'App\\Models\\State'),
(614, 'Zapala', 'zapala', 18, 'App\\Models\\State'),
(615, 'Allen', 'allen', 19, 'App\\Models\\State'),
(616, 'Bariloche', 'bariloche', 19, 'App\\Models\\State'),
(617, 'Catriel', 'catriel', 19, 'App\\Models\\State'),
(618, 'Choele Choel', 'choele-choel', 19, 'App\\Models\\State'),
(619, 'Cinco Saltos', 'cinco-saltos', 19, 'App\\Models\\State'),
(620, 'Cipolletti', 'cipolletti', 19, 'App\\Models\\State'),
(621, 'Conesa', 'conesa', 19, 'App\\Models\\State'),
(622, 'Dina Huapi', 'dina-huapi', 19, 'App\\Models\\State'),
(623, 'El Bolson', 'el-bolson', 19, 'App\\Models\\State'),
(624, 'El Cuy', 'el-cuy', 19, 'App\\Models\\State'),
(625, 'General Roca', 'general-roca', 19, 'App\\Models\\State'),
(626, 'Gral. Enrique Godoy', 'gral-enrique-godoy', 19, 'App\\Models\\State'),
(627, 'Gral. Fernandez Oro', 'gral-fernandez-oro', 19, 'App\\Models\\State'),
(628, 'Ingeniero Huergo', 'ingeniero-huergo', 19, 'App\\Models\\State'),
(629, 'Ingeniero Jacobacci', 'ingeniero-jacobacci', 19, 'App\\Models\\State'),
(630, 'Lamarque', 'lamarque', 19, 'App\\Models\\State'),
(631, 'Luis Beltran', 'luis-beltran', 19, 'App\\Models\\State'),
(632, 'Maquinchao', 'maquinchao', 19, 'App\\Models\\State'),
(633, 'Ñorquinco', 'norquinco', 19, 'App\\Models\\State'),
(634, 'Pilcaniyeu', 'pilcaniyeu', 19, 'App\\Models\\State'),
(635, 'Rio Colorado', 'rio-colorado', 19, 'App\\Models\\State'),
(636, 'San Antonio Oeste', 'san-antonio-oeste', 19, 'App\\Models\\State'),
(637, 'Sierra Colorada', 'sierra-colorada', 19, 'App\\Models\\State'),
(638, 'Sierra Grande', 'sierra-grande', 19, 'App\\Models\\State'),
(639, 'Valcheta', 'valcheta', 19, 'App\\Models\\State'),
(640, 'Viedma', 'viedma', 19, 'App\\Models\\State'),
(641, 'Villa Regina', 'villa-regina', 19, 'App\\Models\\State'),
(642, 'Cachi', 'cachi', 20, 'App\\Models\\State'),
(643, 'Cafayate', 'cafayate', 20, 'App\\Models\\State'),
(644, 'Cerrillos', 'cerrillos', 20, 'App\\Models\\State'),
(645, 'Chicoana', 'chicoana', 20, 'App\\Models\\State'),
(646, 'General Guemes', 'general-guemes', 20, 'App\\Models\\State'),
(647, 'Guachipas', 'guachipas', 20, 'App\\Models\\State'),
(648, 'Hipolito Yrigoyen', 'hipolito-yrigoyen', 20, 'App\\Models\\State'),
(649, 'Iruya', 'iruya', 20, 'App\\Models\\State'),
(650, 'Joaquin V. Gonzalez', 'joaquin-v-gonzalez', 20, 'App\\Models\\State'),
(651, 'La Caldera', 'la-caldera', 20, 'App\\Models\\State'),
(652, 'La Candelaria', 'la-candelaria', 20, 'App\\Models\\State'),
(653, 'La Merced', 'la-merced-2', 20, 'App\\Models\\State'),
(654, 'La Poma', 'la-poma', 20, 'App\\Models\\State'),
(655, 'La Viña', 'la-vina', 20, 'App\\Models\\State'),
(656, 'Molinos', 'molinos', 20, 'App\\Models\\State'),
(657, 'Oran', 'oran', 20, 'App\\Models\\State'),
(658, 'Pichanal', 'pichanal', 20, 'App\\Models\\State'),
(659, 'Rivadavia', 'rivadavia-3', 20, 'App\\Models\\State'),
(660, 'Rosario De La Frontera', 'rosario-de-la-frontera', 20, 'App\\Models\\State'),
(661, 'Rosario De Lerma', 'rosario-de-lerma', 20, 'App\\Models\\State'),
(662, 'Salta', 'salta', 20, 'App\\Models\\State'),
(663, 'San Antonio De Los Cobres', 'san-antonio-de-los-cobres', 20, 'App\\Models\\State'),
(664, 'San Carlos', 'san-carlos-2', 20, 'App\\Models\\State'),
(665, 'San Jose De Metan', 'san-jose-de-metan', 20, 'App\\Models\\State'),
(666, 'Santa Victoria', 'santa-victoria', 20, 'App\\Models\\State'),
(667, 'Tartagal', 'tartagal', 20, 'App\\Models\\State'),
(668, '9 De Julio', '9-de-julio-2', 21, 'App\\Models\\State'),
(669, 'Aberastain', 'aberastain', 21, 'App\\Models\\State'),
(670, 'Calingasta', 'calingasta', 21, 'App\\Models\\State'),
(671, 'Caucete', 'caucete', 21, 'App\\Models\\State'),
(672, 'Chimbas', 'chimbas', 21, 'App\\Models\\State'),
(673, 'General San Martin', 'general-san-martin', 21, 'App\\Models\\State'),
(674, 'Media Agua', 'media-agua', 21, 'App\\Models\\State'),
(675, 'Rivadavia', 'rivadavia-4', 21, 'App\\Models\\State'),
(676, 'Rodeo', 'rodeo', 21, 'App\\Models\\State'),
(677, 'San Agustin', 'san-agustin-2', 21, 'App\\Models\\State'),
(678, 'San Jose De Jachal', 'san-jose-de-jachal', 21, 'App\\Models\\State'),
(679, 'San Juan', 'san-juan', 21, 'App\\Models\\State'),
(680, 'San Martin', 'san-martin-3', 21, 'App\\Models\\State'),
(681, 'Santa Lucia', 'santa-lucia-2', 21, 'App\\Models\\State'),
(682, 'Santa Rosa', 'santa-rosa-3', 21, 'App\\Models\\State'),
(683, 'Villa Basilio Nievas', 'villa-basilio-nievas', 21, 'App\\Models\\State'),
(684, 'Villa Del Salvador', 'villa-del-salvador', 21, 'App\\Models\\State'),
(685, 'Villa Ibañez', 'villa-ibanez', 21, 'App\\Models\\State'),
(686, 'Villa Krause', 'villa-krause', 21, 'App\\Models\\State'),
(687, 'Villa Paula A. De Sarmiento', 'villa-paula-a-de-sarmiento', 21, 'App\\Models\\State'),
(688, 'Buena Esperanza', 'buena-esperanza', 22, 'App\\Models\\State'),
(689, 'Concaran', 'concaran', 22, 'App\\Models\\State'),
(690, 'Juana Koslay', 'juana-koslay', 22, 'App\\Models\\State'),
(691, 'La Toma', 'la-toma', 22, 'App\\Models\\State'),
(692, 'Merlo', 'merlo-2', 22, 'App\\Models\\State'),
(693, 'San Fransisco', 'san-fransisco-2', 22, 'App\\Models\\State'),
(694, 'San Luis', 'san-luis', 22, 'App\\Models\\State'),
(695, 'San Martin', 'san-martin-4', 22, 'App\\Models\\State'),
(696, 'Santa Rosa De Conlara', 'santa-rosa-de-conlara', 22, 'App\\Models\\State'),
(697, 'Tilisarao', 'tilisarao', 22, 'App\\Models\\State'),
(698, 'Villa General Roca', 'villa-general-roca', 22, 'App\\Models\\State'),
(699, 'Villa Mercedes', 'villa-mercedes', 22, 'App\\Models\\State'),
(700, 'Calafate', 'calafate', 23, 'App\\Models\\State'),
(701, 'Caleta Olivia', 'caleta-olivia', 23, 'App\\Models\\State'),
(702, 'Comandante Luis Piedrabuena', 'comandante-luis-piedrabuena', 23, 'App\\Models\\State'),
(703, 'Gobernador Gregores', 'gobernador-gregores', 23, 'App\\Models\\State'),
(704, 'Las Heras', 'las-heras-2', 23, 'App\\Models\\State'),
(705, 'Perito Moreno', 'perito-moreno', 23, 'App\\Models\\State'),
(706, 'Pico Truncado', 'pico-truncado', 23, 'App\\Models\\State'),
(707, 'Puerto Deseado', 'puerto-deseado', 23, 'App\\Models\\State'),
(708, 'Puerto San Julian', 'puerto-san-julian', 23, 'App\\Models\\State'),
(709, 'Puerto Santa Cruz', 'puerto-santa-cruz', 23, 'App\\Models\\State'),
(710, 'Rio Gallegos', 'rio-gallegos', 23, 'App\\Models\\State'),
(711, 'Rio Turbio', 'rio-turbio', 23, 'App\\Models\\State'),
(712, 'Veintiocho De Noviembre', 'veintiocho-de-noviembre', 23, 'App\\Models\\State'),
(713, 'Arroyo Seco', 'arroyo-seco', 24, 'App\\Models\\State'),
(714, 'Cañada De Gomez', 'canada-de-gomez', 24, 'App\\Models\\State'),
(715, 'Carcaraña', 'carcarana', 24, 'App\\Models\\State'),
(716, 'Casilda', 'casilda', 24, 'App\\Models\\State'),
(717, 'Coronda', 'coronda', 24, 'App\\Models\\State'),
(718, 'Esperanza', 'esperanza', 24, 'App\\Models\\State'),
(719, 'Firmat', 'firmat', 24, 'App\\Models\\State'),
(720, 'Fray Luis Beltran', 'fray-luis-beltran', 24, 'App\\Models\\State'),
(721, 'Galvez', 'galvez', 24, 'App\\Models\\State'),
(722, 'Granadero Baigorria', 'granadero-baigorria', 24, 'App\\Models\\State'),
(723, 'Helvecia', 'helvecia', 24, 'App\\Models\\State'),
(724, 'Las Rosas', 'las-rosas', 24, 'App\\Models\\State'),
(725, 'Melincue', 'melincue', 24, 'App\\Models\\State'),
(726, 'Perez', 'perez', 24, 'App\\Models\\State'),
(727, 'Rafaela', 'rafaela', 24, 'App\\Models\\State'),
(728, 'Reconquista', 'reconquista', 24, 'App\\Models\\State'),
(729, 'Rosario', 'rosario', 24, 'App\\Models\\State'),
(730, 'Rufino', 'rufino', 24, 'App\\Models\\State'),
(731, 'San Cristobal', 'san-cristobal-2', 24, 'App\\Models\\State'),
(732, 'San Javier', 'san-javier-2', 24, 'App\\Models\\State'),
(733, 'San Jorge', 'san-jorge', 24, 'App\\Models\\State'),
(734, 'San Justo', 'san-justo-2', 24, 'App\\Models\\State'),
(735, 'San Lorenzo', 'san-lorenzo', 24, 'App\\Models\\State'),
(736, 'Santa Fe', 'santa-fe', 24, 'App\\Models\\State'),
(737, 'Santo Tome', 'santo-tome-2', 24, 'App\\Models\\State'),
(738, 'Sastre', 'sastre', 24, 'App\\Models\\State'),
(739, 'Sunchales', 'sunchales', 24, 'App\\Models\\State'),
(740, 'Tostado', 'tostado', 24, 'App\\Models\\State'),
(741, 'Venado Tuerto', 'venado-tuerto', 24, 'App\\Models\\State'),
(742, 'Vera', 'vera', 24, 'App\\Models\\State'),
(743, 'Villa Constitucion', 'villa-constitucion', 24, 'App\\Models\\State'),
(744, 'Villa Gobernador Galvez', 'villa-gobernador-galvez', 24, 'App\\Models\\State'),
(745, 'Añatuya', 'anatuya', 25, 'App\\Models\\State'),
(746, 'Arraga', 'arraga', 25, 'App\\Models\\State'),
(747, 'Bandera', 'bandera', 25, 'App\\Models\\State'),
(748, 'Brea Pozo', 'brea-pozo', 25, 'App\\Models\\State'),
(749, 'Campo Gallo', 'campo-gallo', 25, 'App\\Models\\State'),
(750, 'Fernandez', 'fernandez', 25, 'App\\Models\\State'),
(751, 'Frias', 'frias', 25, 'App\\Models\\State'),
(752, 'Garza', 'garza', 25, 'App\\Models\\State'),
(753, 'Herrera', 'herrera', 25, 'App\\Models\\State'),
(754, 'La Banda', 'la-banda', 25, 'App\\Models\\State'),
(755, 'La Cañada', 'la-canada', 25, 'App\\Models\\State'),
(756, 'Loreto', 'loreto', 25, 'App\\Models\\State'),
(757, 'Los Telares', 'los-telares', 25, 'App\\Models\\State'),
(758, 'Monte Quemado', 'monte-quemado', 25, 'App\\Models\\State'),
(759, 'Nueva Esperanza', 'nueva-esperanza', 25, 'App\\Models\\State'),
(760, 'Pinto', 'pinto', 25, 'App\\Models\\State'),
(761, 'Pozo Hondo', 'pozo-hondo', 25, 'App\\Models\\State'),
(762, 'Quimili', 'quimili', 25, 'App\\Models\\State'),
(763, 'Rio Hondo', 'rio-hondo', 25, 'App\\Models\\State'),
(764, 'San Pedro De Guasayan', 'san-pedro-de-guasayan', 25, 'App\\Models\\State'),
(765, 'Santiago Del Estero', 'santiago-del-estero', 25, 'App\\Models\\State'),
(766, 'Selva', 'selva', 25, 'App\\Models\\State'),
(767, 'Sumampa', 'sumampa', 25, 'App\\Models\\State'),
(768, 'Suncho Corral', 'suncho-corral', 25, 'App\\Models\\State'),
(769, 'Villa Atamisqui', 'villa-atamisqui', 25, 'App\\Models\\State'),
(770, 'Villa Ojo De Agua', 'villa-ojo-de-agua', 25, 'App\\Models\\State'),
(771, 'Villa Union', 'villa-union-2', 25, 'App\\Models\\State'),
(772, 'Rio Grande', 'rio-grande', 26, 'App\\Models\\State'),
(773, 'Tolhuin', 'tolhuin', 26, 'App\\Models\\State'),
(774, 'Ushuaia', 'ushuaia', 26, 'App\\Models\\State'),
(775, 'Aguilares', 'aguilares', 27, 'App\\Models\\State'),
(776, 'Alderetes', 'alderetes', 27, 'App\\Models\\State'),
(777, 'Banda Del Rio Sali', 'banda-del-rio-sali', 27, 'App\\Models\\State'),
(778, 'Bella Vista', 'bella-vista-3', 27, 'App\\Models\\State'),
(779, 'Buruyacu', 'buruyacu', 27, 'App\\Models\\State'),
(780, 'Concepcion', 'concepcion-2', 27, 'App\\Models\\State'),
(781, 'Famailla', 'famailla', 27, 'App\\Models\\State'),
(782, 'Graneros', 'graneros', 27, 'App\\Models\\State'),
(783, 'Juan Bautista Alberdi', 'juan-bautista-alberdi', 27, 'App\\Models\\State'),
(784, 'La Cocha', 'la-cocha', 27, 'App\\Models\\State'),
(785, 'Lules', 'lules', 27, 'App\\Models\\State'),
(786, 'Monteros', 'monteros', 27, 'App\\Models\\State'),
(787, 'San Miguel De Tucuman', 'san-miguel-de-tucuman', 27, 'App\\Models\\State'),
(788, 'Simoca', 'simoca', 27, 'App\\Models\\State'),
(789, 'Tafi Del Valle', 'tafi-del-valle', 27, 'App\\Models\\State'),
(790, 'Tafi Viejo', 'tafi-viejo', 27, 'App\\Models\\State'),
(791, 'Trancas', 'trancas', 27, 'App\\Models\\State'),
(792, 'Yerba Buena', 'yerba-buena', 27, 'App\\Models\\State');

-- --------------------------------------------------------

--
-- Estructura de tabla para la tabla `districts`
--

CREATE TABLE `districts` (
  `id` bigint(20) UNSIGNED NOT NULL,
  `name` varchar(255) NOT NULL,
  `slug` varchar(255) NOT NULL,
  `state_id` bigint(20) UNSIGNED NOT NULL
) ENGINE=InnoDB DEFAULT CHARSET=utf8mb4 COLLATE=utf8mb4_unicode_ci;

--
-- Volcado de datos para la tabla `districts`
--

INSERT INTO `districts` (`id`, `name`, `slug`, `state_id`) VALUES
(1, 'Escobar', 'escobar', 2),
(2, 'Jose C. Paz', 'jose-c-paz', 2),
(3, 'Malvinas Argentinas', 'malvinas-argentinas', 2),
(4, 'San Fernando', 'san-fernando', 2),
(5, 'San Isidro', 'san-isidro', 2),
(6, 'San Martin', 'san-martin', 2),
(7, 'San Miguel', 'san-miguel', 2),
(8, 'Pilar', 'pilar', 2),
(9, 'Tigre', 'tigre', 2),
(10, 'Vicente Lopez', 'vicente-lopez', 2),
(11, 'General Rodriguez', 'general-rodriguez', 3),
(12, 'Hurlingham', 'hurlingham', 3),
(13, 'Ituzaingo', 'ituzaingo', 3),
(14, 'La Matanza', 'la-matanza', 3),
(15, 'Marcos Paz', 'marcos-paz', 3),
(16, 'Merlo', 'merlo', 3),
(17, 'Moreno', 'moreno', 3),
(18, 'Moron', 'moron', 3),
(19, 'Tres De Febrero', 'tres-de-febrero', 3),
(20, 'Almirante Brow', 'almirante-brow', 4),
(21, 'Avellaneda', 'avellaneda', 4),
(22, 'Berazategui', 'berazategui', 4),
(23, 'Esteban Echeverria', 'esteban-echeverria', 4),
(24, 'Ezeiza', 'ezeiza', 4),
(25, 'Florencio Varela', 'florencio-varela', 4),
(26, 'Lanus', 'lanus', 4),
(27, 'Lomas De Zamora', 'lomas-de-zamora', 4),
(28, 'Presidente Peron', 'presidente-peron', 4),
(29, 'Quilmes', 'quilmes', 4),
(30, 'San Vicente', 'san-vicente', 4);

-- --------------------------------------------------------

--
-- Estructura de tabla para la tabla `failed_jobs`
--

CREATE TABLE `failed_jobs` (
  `id` bigint(20) UNSIGNED NOT NULL,
  `uuid` varchar(255) NOT NULL,
  `connection` text NOT NULL,
  `queue` text NOT NULL,
  `payload` longtext NOT NULL,
  `exception` longtext NOT NULL,
  `failed_at` timestamp NOT NULL DEFAULT current_timestamp()
) ENGINE=InnoDB DEFAULT CHARSET=utf8mb4 COLLATE=utf8mb4_unicode_ci;

-- --------------------------------------------------------

--
-- Estructura de tabla para la tabla `fuels`
--

CREATE TABLE `fuels` (
  `id` bigint(20) UNSIGNED NOT NULL,
  `name` varchar(255) NOT NULL,
  `slug` varchar(255) NOT NULL
) ENGINE=InnoDB DEFAULT CHARSET=utf8mb4 COLLATE=utf8mb4_unicode_ci;

--
-- Volcado de datos para la tabla `fuels`
--

INSERT INTO `fuels` (`id`, `name`, `slug`) VALUES
(1, 'Nafta', 'nafta'),
(2, 'Diesel', 'diesel'),
(3, 'Nafta/Gnc', 'nafta-gnc'),
(4, 'Eléctrico', 'electrico');

-- --------------------------------------------------------

--
-- Estructura de tabla para la tabla `images`
--

CREATE TABLE `images` (
  `id` bigint(20) UNSIGNED NOT NULL,
  `name` varchar(255) NOT NULL,
  `order` tinyint(4) NOT NULL,
  `vehicle_id` bigint(20) UNSIGNED NOT NULL
) ENGINE=InnoDB DEFAULT CHARSET=utf8mb4 COLLATE=utf8mb4_unicode_ci;

--
-- Volcado de datos para la tabla `images`
--

INSERT INTO `images` (`id`, `name`, `order`, `vehicle_id`) VALUES
(1, '9c878fa830d7ce14a6ac4e3ad97efb1cOqqL7abtaS.jpeg', 1, 1),
(2, '7f1304ddc33b7a2880113b64840b6e45cTMu7Ui6wS.jpeg', 2, 1),
(3, 'as4a5ge141a8b40586a90f283414fa99bWpA1gujn8.jpeg', 3, 1),
(4, 'bd93806cd30adb371b7211265d7e15e3crjlmBaCv9.jpeg', 4, 1),
(5, 'as4a5ge141a8b40586a90f283414fa99bWpA1gujn8.jpeg', 5, 1),
(6, 'dth8hj6cd30adb371b7211265d0b6e45cTMu7Ui6wS.jpeg', 1, 2),
(7, 'bc0d08575cac4d9b47b5ce84cb28f8d94IItCU77RK.jpeg', 2, 2),
(8, '9c878fa830d7ce14a6ac4e3ad97efb1cOqqL7abtaS.jpeg', 3, 2),
(9, '7f1304ddc33b7a2880113b64840b6e45cTMu7Ui6wS.jpeg', 4, 2),
(10, 'bc0d08575cac4d9b47b5ce84cb28f8d94IItCU77RK.jpeg', 5, 2),
(11, 'bd93806cd30adb371b7211265d7e15e3crjlmBaCv9.jpeg', 1, 3),
(12, 'bd93806cd30adb371b7211265d7e15e3crjlmBaCv9.jpeg', 2, 3),
(13, '76a527e141a8b40586a90f283414fa99bWpA1gujn8.jpeg', 3, 3),
(14, 'ae8h8t2dc33b7a2880113b64840b6e45cTMu7Ui6wS.jpeg', 4, 3),
(15, 'as4a5ge141a8b40586a90f283414fa99bWpA1gujn8.jpeg', 5, 3),
(16, '7f1304ddc33b7a2880113b64840b6e45cTMu7Ui6wS.jpeg', 1, 4),
(17, 'as4a5ge141a8b40586a90f283414fa99bWpA1gujn8.jpeg', 2, 4),
(18, 'ae8h8t2dc33b7a2880113b64840b6e45cTMu7Ui6wS.jpeg', 3, 4),
(19, 'bd93806cd30adb371b7211265d7e15e3crjlmBaCv9.jpeg', 4, 4),
(20, '7f1304ddc33b7a2880113b64840b6e45cTMu7Ui6wS.jpeg', 5, 4),
(21, 'bd93806cd30adb371b7211265d7e15e3crjlmBaCv9.jpeg', 1, 5),
(22, '9c878fa830d7ce14a6ac4e3ad97efb1cOqqL7abtaS.jpeg', 2, 5),
(23, 'as4a5ge141a8b40586a90f283414fa99bWpA1gujn8.jpeg', 3, 5),
(24, 'dth8hj6cd30adb371b7211265d0b6e45cTMu7Ui6wS.jpeg', 4, 5),
(25, 'bd93806cd30adb371b7211265d7e15e3crjlmBaCv9.jpeg', 5, 5),
(26, 'bc0d08575cac4d9b47b5ce84cb28f8d94IItCU77RK.jpeg', 1, 6),
(27, '9c878fa830d7ce14a6ac4e3ad97efb1cOqqL7abtaS.jpeg', 2, 6),
(28, 'dth8hj6cd30adb371b7211265d0b6e45cTMu7Ui6wS.jpeg', 3, 6),
(29, '7f1304ddc33b7a2880113b64840b6e45cTMu7Ui6wS.jpeg', 4, 6),
(30, '76a527e141a8b40586a90f283414fa99bWpA1gujn8.jpeg', 5, 6),
(31, 'bd93806cd30adb371b7211265d7e15e3crjlmBaCv9.jpeg', 1, 7),
(32, '7f1304ddc33b7a2880113b64840b6e45cTMu7Ui6wS.jpeg', 2, 7),
(33, '9c878fa830d7ce14a6ac4e3ad97efb1cOqqL7abtaS.jpeg', 3, 7),
(34, 'ae8h8t2dc33b7a2880113b64840b6e45cTMu7Ui6wS.jpeg', 4, 7),
(35, 'bd93806cd30adb371b7211265d7e15e3crjlmBaCv9.jpeg', 5, 7),
(36, '76a527e141a8b40586a90f283414fa99bWpA1gujn8.jpeg', 1, 8),
(37, 'bc0d08575cac4d9b47b5ce84cb28f8d94IItCU77RK.jpeg', 2, 8),
(38, '9c878fa830d7ce14a6ac4e3ad97efb1cOqqL7abtaS.jpeg', 3, 8),
(39, 'bd93806cd30adb371b7211265d7e15e3crjlmBaCv9.jpeg', 4, 8),
(40, 'dth8hj6cd30adb371b7211265d0b6e45cTMu7Ui6wS.jpeg', 5, 8),
(41, 'as4a5ge141a8b40586a90f283414fa99bWpA1gujn8.jpeg', 1, 9),
(42, 'bc0d08575cac4d9b47b5ce84cb28f8d94IItCU77RK.jpeg', 2, 9),
(43, '9c878fa830d7ce14a6ac4e3ad97efb1cOqqL7abtaS.jpeg', 3, 9),
(44, 'dth8hj6cd30adb371b7211265d0b6e45cTMu7Ui6wS.jpeg', 4, 9),
(45, 'ae8h8t2dc33b7a2880113b64840b6e45cTMu7Ui6wS.jpeg', 5, 9),
(46, 'bc0d08575cac4d9b47b5ce84cb28f8d94IItCU77RK.jpeg', 1, 10),
(47, '9c878fa830d7ce14a6ac4e3ad97efb1cOqqL7abtaS.jpeg', 2, 10),
(48, '76a527e141a8b40586a90f283414fa99bWpA1gujn8.jpeg', 3, 10),
(49, 'bd93806cd30adb371b7211265d7e15e3crjlmBaCv9.jpeg', 4, 10),
(50, 'bd93806cd30adb371b7211265d7e15e3crjlmBaCv9.jpeg', 5, 10),
(51, 'bd93806cd30adb371b7211265d7e15e3crjlmBaCv9.jpeg', 1, 11),
(52, 'ae8h8t2dc33b7a2880113b64840b6e45cTMu7Ui6wS.jpeg', 2, 11),
(53, '7f1304ddc33b7a2880113b64840b6e45cTMu7Ui6wS.jpeg', 3, 11),
(54, '7f1304ddc33b7a2880113b64840b6e45cTMu7Ui6wS.jpeg', 4, 11),
(55, '76a527e141a8b40586a90f283414fa99bWpA1gujn8.jpeg', 5, 11),
(56, '76a527e141a8b40586a90f283414fa99bWpA1gujn8.jpeg', 1, 12),
(57, 'bc0d08575cac4d9b47b5ce84cb28f8d94IItCU77RK.jpeg', 2, 12),
(58, '9c878fa830d7ce14a6ac4e3ad97efb1cOqqL7abtaS.jpeg', 3, 12),
(59, '9c878fa830d7ce14a6ac4e3ad97efb1cOqqL7abtaS.jpeg', 4, 12),
(60, 'dth8hj6cd30adb371b7211265d0b6e45cTMu7Ui6wS.jpeg', 5, 12),
(61, '76a527e141a8b40586a90f283414fa99bWpA1gujn8.jpeg', 1, 13),
(62, '7f1304ddc33b7a2880113b64840b6e45cTMu7Ui6wS.jpeg', 2, 13),
(63, 'bd93806cd30adb371b7211265d7e15e3crjlmBaCv9.jpeg', 3, 13),
(64, 'as4a5ge141a8b40586a90f283414fa99bWpA1gujn8.jpeg', 4, 13),
(65, '76a527e141a8b40586a90f283414fa99bWpA1gujn8.jpeg', 5, 13),
(66, '9c878fa830d7ce14a6ac4e3ad97efb1cOqqL7abtaS.jpeg', 1, 14),
(67, 'dth8hj6cd30adb371b7211265d0b6e45cTMu7Ui6wS.jpeg', 2, 14),
(68, 'bc0d08575cac4d9b47b5ce84cb28f8d94IItCU77RK.jpeg', 3, 14),
(69, 'ae8h8t2dc33b7a2880113b64840b6e45cTMu7Ui6wS.jpeg', 4, 14),
(70, '7f1304ddc33b7a2880113b64840b6e45cTMu7Ui6wS.jpeg', 5, 14),
(71, '7f1304ddc33b7a2880113b64840b6e45cTMu7Ui6wS.jpeg', 1, 15),
(72, 'dth8hj6cd30adb371b7211265d0b6e45cTMu7Ui6wS.jpeg', 2, 15),
(73, 'dth8hj6cd30adb371b7211265d0b6e45cTMu7Ui6wS.jpeg', 3, 15),
(74, 'dth8hj6cd30adb371b7211265d0b6e45cTMu7Ui6wS.jpeg', 4, 15),
(75, 'ae8h8t2dc33b7a2880113b64840b6e45cTMu7Ui6wS.jpeg', 5, 15),
(76, '7f1304ddc33b7a2880113b64840b6e45cTMu7Ui6wS.jpeg', 1, 16),
(77, 'ae8h8t2dc33b7a2880113b64840b6e45cTMu7Ui6wS.jpeg', 2, 16),
(78, 'as4a5ge141a8b40586a90f283414fa99bWpA1gujn8.jpeg', 3, 16),
(79, '7f1304ddc33b7a2880113b64840b6e45cTMu7Ui6wS.jpeg', 4, 16),
(80, 'ae8h8t2dc33b7a2880113b64840b6e45cTMu7Ui6wS.jpeg', 5, 16),
(81, 'dth8hj6cd30adb371b7211265d0b6e45cTMu7Ui6wS.jpeg', 1, 17),
(82, 'as4a5ge141a8b40586a90f283414fa99bWpA1gujn8.jpeg', 2, 17),
(83, 'ae8h8t2dc33b7a2880113b64840b6e45cTMu7Ui6wS.jpeg', 3, 17),
(84, '76a527e141a8b40586a90f283414fa99bWpA1gujn8.jpeg', 4, 17),
(85, 'bc0d08575cac4d9b47b5ce84cb28f8d94IItCU77RK.jpeg', 5, 17),
(86, '9c878fa830d7ce14a6ac4e3ad97efb1cOqqL7abtaS.jpeg', 1, 18),
(87, 'ae8h8t2dc33b7a2880113b64840b6e45cTMu7Ui6wS.jpeg', 2, 18),
(88, 'bc0d08575cac4d9b47b5ce84cb28f8d94IItCU77RK.jpeg', 3, 18),
(89, 'ae8h8t2dc33b7a2880113b64840b6e45cTMu7Ui6wS.jpeg', 4, 18),
(90, 'ae8h8t2dc33b7a2880113b64840b6e45cTMu7Ui6wS.jpeg', 5, 18),
(91, '9c878fa830d7ce14a6ac4e3ad97efb1cOqqL7abtaS.jpeg', 1, 19),
(92, 'as4a5ge141a8b40586a90f283414fa99bWpA1gujn8.jpeg', 2, 19),
(93, '76a527e141a8b40586a90f283414fa99bWpA1gujn8.jpeg', 3, 19),
(94, 'bc0d08575cac4d9b47b5ce84cb28f8d94IItCU77RK.jpeg', 4, 19),
(95, '76a527e141a8b40586a90f283414fa99bWpA1gujn8.jpeg', 5, 19),
(96, 'bd93806cd30adb371b7211265d7e15e3crjlmBaCv9.jpeg', 1, 20),
(97, '76a527e141a8b40586a90f283414fa99bWpA1gujn8.jpeg', 2, 20),
(98, '9c878fa830d7ce14a6ac4e3ad97efb1cOqqL7abtaS.jpeg', 3, 20),
(99, '76a527e141a8b40586a90f283414fa99bWpA1gujn8.jpeg', 4, 20),
(100, 'dth8hj6cd30adb371b7211265d0b6e45cTMu7Ui6wS.jpeg', 5, 20);

-- --------------------------------------------------------

--
-- Estructura de tabla para la tabla `migrations`
--

CREATE TABLE `migrations` (
  `id` int(10) UNSIGNED NOT NULL,
  `migration` varchar(255) NOT NULL,
  `batch` int(11) NOT NULL
) ENGINE=InnoDB DEFAULT CHARSET=utf8mb4 COLLATE=utf8mb4_unicode_ci;

--
-- Volcado de datos para la tabla `migrations`
--

INSERT INTO `migrations` (`id`, `migration`, `batch`) VALUES
(1, '2014_10_12_000000_create_users_table', 1),
(2, '2014_10_12_100000_create_password_resets_table', 1),
(3, '2019_08_19_000000_create_failed_jobs_table', 1),
(4, '2019_12_14_000001_create_personal_access_tokens_table', 1),
(5, '2022_04_28_165758_create_categories_table', 1),
(6, '2022_04_28_165846_create_brands_table', 1),
(7, '2022_05_06_214544_create_models_table', 1),
(8, '2022_05_14_204418_create_states_table', 1),
(9, '2022_05_14_204434_create_cities_table', 1),
(10, '2022_05_15_161249_create_fuels_table', 1),
(11, '2022_05_16_171128_create_vehicle_table', 1),
(12, '2022_05_16_193628_create_roles_table', 1),
(13, '2022_05_30_233303_create_images_table', 1),
(14, '2022_07_14_163433_create_districts_table', 1),
(15, '2022_07_17_164438_update_users_table', 1);

-- --------------------------------------------------------

--
-- Estructura de tabla para la tabla `models`
--

CREATE TABLE `models` (
  `id` bigint(20) UNSIGNED NOT NULL,
  `name` varchar(255) NOT NULL,
  `slug` varchar(255) NOT NULL,
  `brand_id` bigint(20) UNSIGNED NOT NULL
) ENGINE=InnoDB DEFAULT CHARSET=utf8mb4 COLLATE=utf8mb4_unicode_ci;

--
-- Volcado de datos para la tabla `models`
--

INSERT INTO `models` (`id`, `name`, `slug`, `brand_id`) VALUES
(1, '145', '145', 1),
(2, '146', '146', 1),
(3, '147', '147', 1),
(4, '155', '155', 1),
(5, '156', '156', 1),
(6, '156 Sportwagon', '156-sportwagon', 1),
(7, '159', '159', 1),
(8, '164', '164', 1),
(9, '166', '166', 1),
(10, 'Breva', 'breva', 1),
(11, 'Gt', 'gt', 1),
(12, 'Gtv', 'gtv', 1),
(13, 'Guiulietta', 'guiulietta', 1),
(14, 'Mito', 'mito', 1),
(15, 'Spider', 'spider', 1),
(16, 'A1', 'a1', 2),
(17, 'A3', 'a3', 2),
(18, 'A4', 'a4', 2),
(19, 'A5', 'a5', 2),
(20, 'A6', 'a6', 2),
(21, 'A7', 'a7', 2),
(22, 'A8', 'a8', 2),
(23, 'Allroad', 'allroad', 2),
(24, 'Cabrio', 'cabrio', 2),
(25, 'Q2', 'q2', 2),
(26, 'Q3', 'q3', 2),
(27, 'Q5', 'q5', 2),
(28, 'Q7', 'q7', 2),
(29, 'R8', 'r8', 2),
(30, 'Rs3', 'rs3', 2),
(31, 'Rs4', 'rs4', 2),
(32, 'Rs5', 'rs5', 2),
(33, 'Rs6', 'rs6', 2),
(34, 'S3', 's3', 2),
(35, 'S4', 's4', 2),
(36, 'S5', 's5', 2),
(37, 'S6', 's6', 2),
(38, 'S7', 's7', 2),
(39, 'S8', 's8', 2),
(40, 'Sq5', 'sq5', 2),
(41, 'Tt', 'tt', 2),
(42, 'Tts', 'tts', 2),
(43, 'D20', 'd20', 3),
(44, 'Eu5', 'eu5', 3),
(45, 'Senova', 'senova', 3),
(46, 'X25', 'x25', 3),
(47, 'X35', 'x35', 3),
(48, 'X55', 'x55', 3),
(49, 'M2', 'm2', 4),
(50, 'M3', 'm3', 4),
(51, 'M5', 'm5', 4),
(52, 'M6', 'm6', 4),
(53, 'Serie 1', 'serie-1', 4),
(54, 'Serie 2', 'serie-2', 4),
(55, 'Serie 3', 'serie-3', 4),
(56, 'Serie 4', 'serie-4', 4),
(57, 'Serie 5', 'serie-5', 4),
(58, 'Serie 6', 'serie-6', 4),
(59, 'Serie 7', 'serie-7', 4),
(60, 'Serie 8', 'serie-8', 4),
(61, 'Serie M', 'serie-m', 4),
(62, 'X1', 'x1', 4),
(63, 'X2', 'x2', 4),
(64, 'X3', 'x3', 4),
(65, 'X4', 'x4', 4),
(66, 'X5', 'x5', 4),
(67, 'X6', 'x6', 4),
(68, 'Z3', 'z3', 4),
(69, 'Z4', 'z4', 4),
(70, 'Arrizo', 'arrizo', 5),
(71, 'Face', 'face', 5),
(72, 'Fulwin', 'fulwin', 5),
(73, 'Qq', 'qq', 5),
(74, 'Skin', 'skin', 5),
(75, 'Tiggo', 'tiggo', 5),
(76, 'Tiggo 3', 'tiggo-3', 5),
(77, 'Tiggo 5', 'tiggo-5', 5),
(78, '400', '400', 6),
(79, 'Agile', 'agile', 6),
(80, 'Astra', 'astra', 6),
(81, 'Astro', 'astro', 6),
(82, 'Aveo', 'aveo', 6),
(83, 'Aveo G3', 'aveo-g3', 6),
(84, 'Blazer', 'blazer', 6),
(85, 'C-10', 'c-10', 6),
(86, 'C-20', 'c-20', 6),
(87, 'Camaro', 'camaro', 6),
(88, 'Captiva', 'captiva', 6),
(89, 'Celta', 'celta', 6),
(90, 'Chevy', 'chevy', 6),
(91, 'Chevy Van', 'chevy-van', 6),
(92, 'Cheyenne', 'cheyenne', 6),
(93, 'Cobalt', 'cobalt', 6),
(94, 'Combo', 'combo', 6),
(95, 'Corsa', 'corsa', 6),
(96, 'Corsa Ii', 'corsa-ii', 6),
(97, 'Corsa Pick Up', 'corsa-pick-up', 6),
(98, 'Corsa Wagon', 'corsa-wagon', 6),
(99, 'Corvette', 'corvette', 6),
(100, 'Cruze', 'cruze', 6),
(101, 'Cruze Ii', 'cruze-ii', 6),
(102, 'D-20', 'd-20', 6),
(103, 'Ipanema', 'ipanema', 6),
(104, 'Kadet', 'kadet', 6),
(105, 'Lumina', 'lumina', 6),
(106, 'Luv', 'luv', 6),
(107, 'Malibu', 'malibu', 6),
(108, 'Meriva', 'meriva', 6),
(109, 'Montana', 'montana', 6),
(110, 'Monza', 'monza', 6),
(111, 'Onix', 'onix', 6),
(112, 'Prisma', 'prisma', 6),
(113, 'S-10', 's-10', 6),
(114, 'Silverado', 'silverado', 6),
(115, 'Sonic', 'sonic', 6),
(116, 'Spark', 'spark', 6),
(117, 'Spin', 'spin', 6),
(118, 'Suburvan', 'suburvan', 6),
(119, 'Tahoe', 'tahoe', 6),
(120, 'Tigra', 'tigra', 6),
(121, 'Tracker', 'tracker', 6),
(122, 'Trailblazer', 'trailblazer', 6),
(123, 'Vectra', 'vectra', 6),
(124, 'Vitara', 'vitara', 6),
(125, 'Zafira', 'zafira', 6),
(126, 'Classic', 'classic', 6),
(127, '300 C', '300-c', 7),
(128, '300 M', '300-m', 7),
(129, 'Caravan', 'caravan', 7),
(130, 'Daytona', 'daytona', 7),
(131, 'Neon', 'neon', 7),
(132, 'Pt Crusier', 'pt-crusier', 7),
(133, 'Sebring', 'sebring', 7),
(134, 'Stratus', 'stratus', 7),
(135, 'Talon', 'talon', 7),
(136, 'Tow And Country', 'tow-and-country', 7),
(137, 'Voyager', 'voyager', 7),
(138, '2 Cv', '2-cv', 8),
(139, '3 Cv', '3-cv', 8),
(140, 'Ax', 'ax', 8),
(141, 'Berlingo', 'berlingo', 8),
(142, 'C 15', 'c-15', 8),
(143, 'C3', 'c3', 8),
(144, 'C3 Aircross', 'c3-aircross', 8),
(145, 'C3 Picasso', 'c3-picasso', 8),
(146, 'C4', 'c4', 8),
(147, 'C4 Aircross', 'c4-aircross', 8),
(148, 'C4 Cactus', 'c4-cactus', 8),
(149, 'C4 Lounge', 'c4-lounge', 8),
(150, 'C4 Picasso', 'c4-picasso', 8),
(151, 'C4 Spacetourer', 'c4-spacetourer', 8),
(152, 'C5', 'c5', 8),
(153, 'C-Elysee', 'c-elysee', 8),
(154, 'Ds3', 'ds3', 8),
(155, 'Ds4', 'ds4', 8),
(156, 'Jumper', 'jumper', 8),
(157, 'Jumpy', 'jumpy', 8),
(158, 'Saxo', 'saxo', 8),
(159, 'Spacetourer', 'spacetourer', 8),
(160, 'Xantia', 'xantia', 8),
(161, 'Xsara', 'xsara', 8),
(162, 'Xsara Picasso', 'xsara-picasso', 8),
(163, 'Zx', 'zx', 8),
(164, 'Cielo', 'cielo', 9),
(165, 'Damas', 'damas', 9),
(166, 'Espero', 'espero', 9),
(167, 'Lanos', 'lanos', 9),
(168, 'Matiz', 'matiz', 9),
(169, 'Nubira', 'nubira', 9),
(170, 'Racer', 'racer', 9),
(171, 'Tico', 'tico', 9),
(172, 'Applause', 'applause', 10),
(173, 'Charade', 'charade', 10),
(174, 'Cuore', 'cuore', 10),
(175, 'Feroza', 'feroza', 10),
(176, 'Hijet', 'hijet', 10),
(177, 'Mira', 'mira', 10),
(178, 'Move', 'move', 10),
(179, 'Sirion', 'sirion', 10),
(180, 'Terios', 'terios', 10),
(181, 'Wide', 'wide', 10),
(182, 'C 31', 'c-31', 11),
(183, 'C 32', 'c-32', 11),
(184, 'C 35', 'c-35', 11),
(185, 'K01h', 'k01h', 11),
(186, '1500', '1500', 12),
(187, 'Caravan', 'caravan-2', 12),
(188, 'D 100', 'd-100', 12),
(189, 'Dakota', 'dakota', 12),
(190, 'Gtx', 'gtx', 12),
(191, 'Journey', 'journey', 12),
(192, 'Ram', 'ram', 12),
(193, 'Spirit', 'spirit', 12),
(194, 'Viper', 'viper', 12),
(195, 'Ds3', 'ds3-2', 13),
(196, 'Ds4', 'ds4-2', 13),
(197, 'Ds7', 'ds7', 13),
(198, '128', '128', 14),
(199, '147', '147-2', 14),
(200, '500', '500', 14),
(201, '600', '600', 14),
(202, '1500', '1500-2', 14),
(203, 'Argo', 'argo', 14),
(204, 'Barchetta', 'barchetta', 14),
(205, 'Brava', 'brava', 14),
(206, 'Bravo', 'bravo', 14),
(207, 'Brio', 'brio', 14),
(208, 'Cronos', 'cronos', 14),
(209, 'Doblo', 'doblo', 14),
(210, 'Doblo Cargo', 'doblo-cargo', 14),
(211, 'Ducato', 'ducato', 14),
(212, 'Duna', 'duna', 14),
(213, 'Duna Wekeend', 'duna-wekeend', 14),
(214, 'Fiorino', 'fiorino', 14),
(215, 'Fiorino Qubo', 'fiorino-qubo', 14),
(216, 'Grand Siena', 'grand-siena', 14),
(217, 'Idea', 'idea', 14),
(218, 'Linea', 'linea', 14),
(219, 'Marea', 'marea', 14),
(220, 'Mobi', 'mobi', 14),
(221, 'Palio', 'palio', 14),
(222, 'Palio Adventure', 'palio-adventure', 14),
(223, 'Palio Wekeend', 'palio-wekeend', 14),
(224, 'Punto', 'punto', 14),
(225, 'Qubo', 'qubo', 14),
(226, 'Regata', 'regata', 14),
(227, 'Siena', 'siena', 14),
(228, 'Spazio', 'spazio', 14),
(229, 'Stilo', 'stilo', 14),
(230, 'Strada', 'strada', 14),
(231, 'Strada Adventure', 'strada-adventure', 14),
(232, 'Strada Working', 'strada-working', 14),
(233, 'Tempra', 'tempra', 14),
(234, 'Tipo', 'tipo', 14),
(235, 'Toros', 'toros', 14),
(236, 'Uno', 'uno', 14),
(237, 'Vivace', 'vivace', 14),
(238, 'Fastback', 'fastback', 14),
(239, 'Escort', 'escort', 15),
(240, 'Falcon', 'falcon', 15),
(241, 'Fiesta', 'fiesta', 15),
(242, 'Fiesta Kinetic Desing', 'fiesta-kinetic-desing', 15),
(243, 'Fiesta Max', 'fiesta-max', 15),
(244, 'Focus', 'focus', 15),
(245, 'Bronco', 'bronco', 15),
(246, 'Courier', 'courier', 15),
(247, 'Ecosport', 'ecosport', 15),
(248, 'Escape', 'escape', 15),
(249, 'Explorer', 'explorer', 15),
(250, 'F-100', 'f-100', 15),
(251, 'F-150', 'f-150', 15),
(252, 'F-250', 'f-250', 15),
(253, 'F-350', 'f-350', 15),
(254, 'F-400', 'f-400', 15),
(255, 'Focus Ii', 'focus-ii', 15),
(256, 'Focus Iii', 'focus-iii', 15),
(257, 'Galaxi', 'galaxi', 15),
(258, 'Ka', 'ka', 15),
(259, 'Ka+', 'ka-2', 15),
(260, 'Kuga', 'kuga', 15),
(261, 'Mondeo', 'mondeo', 15),
(262, 'Mustang', 'mustang', 15),
(263, 'Orion', 'orion', 15),
(264, 'Puma', 'puma', 15),
(265, 'Ranchero', 'ranchero', 15),
(266, 'Ranger', 'ranger', 15),
(267, 'Sierra', 'sierra', 15),
(268, 'S-Max', 's-max', 15),
(269, 'Taunus', 'taunus', 15),
(270, 'Taurus', 'taurus', 15),
(271, 'Transit', 'transit', 15),
(272, 'Windstar', 'windstar', 15),
(273, 'Territorry', 'territorry', 15),
(274, 'Gratour', 'gratour', 16),
(275, 'Tunland', 'tunland', 16),
(276, '515', '515', 17),
(277, 'Emgrand', 'emgrand', 17),
(278, 'Emgrand X7', 'emgrand-x7', 17),
(279, 'Lc', 'lc', 17),
(280, 'Wingle 5', 'wingle-5', 18),
(281, 'Wingle 6', 'wingle-6', 18),
(282, 'H1', 'h1', 19),
(283, 'H2', 'h2', 19),
(284, 'H6', 'h6', 19),
(285, 'Accord', 'accord', 20),
(286, 'Acura', 'acura', 20),
(287, 'City', 'city', 20),
(288, 'Civic', 'civic', 20),
(289, 'Cr-V', 'cr-v', 20),
(290, 'Crx', 'crx', 20),
(291, 'Fit', 'fit', 20),
(292, 'Hr-V', 'hr-v', 20),
(293, 'Legend', 'legend', 20),
(294, 'Odyssey', 'odyssey', 20),
(295, 'Passport', 'passport', 20),
(296, 'Pilot', 'pilot', 20),
(297, 'Prelude', 'prelude', 20),
(298, 'Stream', 'stream', 20),
(299, 'H1', 'h1-2', 21),
(300, 'H2', 'h2-2', 21),
(301, 'H3', 'h3', 21),
(302, 'Accent', 'accent', 21),
(303, 'Atos', 'atos', 22),
(304, 'Coupe', 'coupe', 22),
(305, 'Creta', 'creta', 22),
(306, 'Elantra', 'elantra', 22),
(307, 'Excel', 'excel', 22),
(308, 'Galloper', 'galloper', 22),
(309, 'Genesis', 'genesis', 22),
(310, 'Grand I10', 'grand-i10', 22),
(311, 'Grand Santa Fe', 'grand-santa-fe', 22),
(312, 'H1', 'h1-3', 22),
(313, 'H100', 'h100', 22),
(314, 'I10', 'i10', 22),
(315, 'I30', 'i30', 22),
(316, 'Matrix', 'matrix', 22),
(317, 'Santa Fe', 'santa-fe', 22),
(318, 'Santamo', 'santamo', 22),
(319, 'S-Coupe', 's-coupe', 22),
(320, 'Sonata', 'sonata', 22),
(321, 'Terracan', 'terracan', 22),
(322, 'Trajet', 'trajet', 22),
(323, 'Tucson', 'tucson', 22),
(324, 'Veloster', 'veloster', 22),
(325, 'Veracruz', 'veracruz', 22),
(326, 'Amigo', 'amigo', 23),
(327, 'Pick-Up', 'pick-up', 23),
(328, 'Rodeo', 'rodeo', 23),
(329, 'Space Cab', 'space-cab', 23),
(330, 'Trooper', 'trooper', 23),
(331, 'Vehicross', 'vehicross', 23),
(332, 'Daily', 'daily', 24),
(333, 'S2', 's2', 25),
(334, 'S3', 's3-2', 25),
(335, 'T6', 't6', 25),
(336, 'X200', 'x200', 25),
(337, 'F-Space', 'f-space', 26),
(338, 'S-Type', 's-type', 26),
(339, 'Xe', 'xe', 26),
(340, 'Xf', 'xf', 26),
(341, 'Xkr', 'xkr', 26),
(342, 'X-Type', 'x-type', 26),
(343, 'Cherokee', 'cherokee', 27),
(344, 'Compass', 'compass', 27),
(345, 'Grand Cherokee', 'grand-cherokee', 27),
(346, 'Ika', 'ika', 27),
(347, 'Patriot', 'patriot', 27),
(348, 'Renegade', 'renegade', 27),
(349, 'Wrangler', 'wrangler', 27),
(350, 'Avella', 'avella', 28),
(351, 'Besta', 'besta', 28),
(352, 'Carens', 'carens', 28),
(353, 'Carnival', 'carnival', 28),
(354, 'Cerato', 'cerato', 28),
(355, 'Grand Sportage', 'grand-sportage', 28),
(356, 'K2500', 'k2500', 28),
(357, 'K2700', 'k2700', 28),
(358, 'K2900', 'k2900', 28),
(359, 'Mohave', 'mohave', 28),
(360, 'Picanto', 'picanto', 28),
(361, 'Pregio', 'pregio', 28),
(362, 'Rio', 'rio', 28),
(363, 'Rondo', 'rondo', 28),
(364, 'Sorento', 'sorento', 28),
(365, 'Soul', 'soul', 28),
(366, 'Sportage', 'sportage', 28),
(367, 'Defender', 'defender', 29),
(368, 'Discovery', 'discovery', 29),
(369, 'Evoque', 'evoque', 29),
(370, 'Freelander', 'freelander', 29),
(371, 'Freelander 2', 'freelander-2', 29),
(372, 'Range Rover', 'range-rover', 29),
(373, 'Foison', 'foison', 30),
(374, 'Myway', 'myway', 30),
(375, 'X50', 'x50', 30),
(376, 'X60', 'x60', 30),
(377, 'X70', 'x70', 30),
(378, 'Ghibli', 'ghibli', 31),
(379, 'Granturismo', 'granturismo', 31),
(380, 'Levante', 'levante', 31),
(381, 'Quattroporte', 'quattroporte', 31),
(382, '121', '121', 32),
(383, '323', '323', 32),
(384, '626', '626', 32),
(385, '929', '929', 32),
(386, 'Miata', 'miata', 32),
(387, 'Mpv', 'mpv', 32),
(388, 'Mx3', 'mx3', 32),
(389, 'Mx6', 'mx6', 32),
(390, 'Pick-Up', 'pick-up-2', 32),
(391, 'Rx7', 'rx7', 32),
(392, 'Serie B', 'serie-b', 32),
(393, '220', '220', 33),
(394, '230', '230', 33),
(395, '250', '250', 33),
(396, '350', '350', 33),
(397, 'Clase A', 'clase-a', 33),
(398, 'Clase B', 'clase-b', 33),
(399, 'Clase C', 'clase-c', 33),
(400, 'Clase Cl', 'clase-cl', 33),
(401, 'Clase Cla', 'clase-cla', 33),
(402, 'Clase Clc', 'clase-clc', 33),
(403, 'Clase Clk', 'clase-clk', 33),
(404, 'Clase Cls', 'clase-cls', 33),
(405, 'Clase E', 'clase-e', 33),
(406, 'Clase Gl', 'clase-gl', 33),
(407, 'Clase Gla', 'clase-gla', 33),
(408, 'Clase Glc', 'clase-glc', 33),
(409, 'Clase Gle', 'clase-gle', 33),
(410, 'Clase Glk', 'clase-glk', 33),
(411, 'Clase Gls', 'clase-gls', 33),
(412, 'Clase S', 'clase-s', 33),
(413, 'Clase Sl', 'clase-sl', 33),
(414, 'Clase Slk', 'clase-slk', 33),
(415, 'Mb', 'mb', 33),
(416, 'Mb 180', 'mb-180', 33),
(417, 'Ml', 'ml', 33),
(418, 'Sprinter ', 'sprinter', 33),
(419, 'Viano', 'viano', 33),
(420, 'Vito', 'vito', 33),
(421, 'Cooper', 'cooper', 34),
(422, 'Cooper Clubman', 'cooper-clubman', 34),
(423, 'Cooper Countryman', 'cooper-countryman', 34),
(424, 'Cooper S', 'cooper-s', 34),
(425, 'Paceman', 'paceman', 34),
(426, 'Colt', 'colt', 35),
(427, 'Eclipse', 'eclipse', 35),
(428, 'Expo Wagon', 'expo-wagon', 35),
(429, 'Galant', 'galant', 35),
(430, 'L100', 'l100', 35),
(431, 'L200', 'l200', 35),
(432, 'L300', 'l300', 35),
(433, 'Lancer', 'lancer', 35),
(434, 'Montero', 'montero', 35),
(435, 'Nativa', 'nativa', 35),
(436, 'Outlander', 'outlander', 35),
(437, 'Space Wagon', 'space-wagon', 35),
(438, '200 Sx', '200-sx', 36),
(439, '300 Zx', '300-zx', 36),
(440, '350 Z', '350-z', 36),
(441, '370 Z', '370-z', 36),
(442, 'Altima', 'altima', 36),
(443, 'Bluevird', 'bluevird', 36),
(444, 'D21', 'd21', 36),
(445, 'D22', 'd22', 36),
(446, 'Frontier', 'frontier', 36),
(447, 'Kicks', 'kicks', 36),
(448, 'March', 'march', 36),
(449, 'Maxima', 'maxima', 36),
(450, 'Murano', 'murano', 36),
(451, 'Note', 'note', 36),
(452, 'Np 300', 'np-300', 36),
(453, 'Nx', 'nx', 36),
(454, 'Pathfinder', 'pathfinder', 36),
(455, 'Patrol', 'patrol', 36),
(456, 'Pick-Up', 'pick-up-3', 36),
(457, 'Sentra', 'sentra', 36),
(458, 'Teana', 'teana', 36),
(459, 'Terrano', 'terrano', 36),
(460, 'Tiida', 'tiida', 36),
(461, 'Versa', 'versa', 36),
(462, 'X-Terra', 'x-terra', 36),
(463, 'X-Trail', 'x-trail', 36),
(464, '106', '106', 37),
(465, '2008', '2008', 37),
(466, '205', '205', 37),
(467, '206', '206', 37),
(468, '207', '207', 37),
(469, '207 Compact', '207-compact', 37),
(470, '208', '208', 37),
(471, '3008', '3008', 37),
(472, '301', '301', 37),
(473, '306', '306', 37),
(474, '307', '307', 37),
(475, '308', '308', 37),
(476, '4008', '4008', 37),
(477, '404', '404', 37),
(478, '405', '405', 37),
(479, '406', '406', 37),
(480, '407', '407', 37),
(481, '408', '408', 37),
(482, '5008', '5008', 37),
(483, '504', '504', 37),
(484, '504 Pick-Up', '504-pick-up', 37),
(485, '505', '505', 37),
(486, '508', '508', 37),
(487, '605', '605', 37),
(488, '607', '607', 37),
(489, '807', '807', 37),
(490, 'Boxer', 'boxer', 37),
(491, 'Expert', 'expert', 37),
(492, 'Hoggar', 'hoggar', 37),
(493, 'Partner', 'partner', 37),
(494, 'Rcz', 'rcz', 37),
(495, 'Traveller', 'traveller', 37),
(496, '718 Cayman', '718-cayman', 38),
(497, '911', '911', 38),
(498, 'Boxster', 'boxster', 38),
(499, 'Carrera', 'carrera', 38),
(500, 'Cayenne', 'cayenne', 38),
(501, 'Cayman', 'cayman', 38),
(502, 'Macan', 'macan', 38),
(503, 'Panamera', 'panamera', 38),
(504, '1500', '1500-3', 39),
(505, '2500', '2500', 39),
(506, 'Captur', 'captur', 40),
(507, 'Clio', 'clio', 40),
(508, 'Duster', 'duster', 40),
(509, 'Duster Oroch', 'duster-oroch', 40),
(510, 'Express', 'express', 40),
(511, 'Fluence', 'fluence', 40),
(512, 'Fuego', 'fuego', 40),
(513, 'Kangoo', 'kangoo', 40),
(514, 'Koleos', 'koleos', 40),
(515, 'Kwid', 'kwid', 40),
(516, 'Laguna', 'laguna', 40),
(517, 'Logan', 'logan', 40),
(518, 'Master', 'master', 40),
(519, 'Megane', 'megane', 40),
(520, 'R6', 'r6', 40),
(521, 'R9', 'r9', 40),
(522, 'R11', 'r11', 40),
(523, 'R12', 'r12', 40),
(524, 'R18', 'r18', 40),
(525, 'R19', 'r19', 40),
(526, 'R21', 'r21', 40),
(527, 'Sandero', 'sandero', 40),
(528, 'Sandero Stepway', 'sandero-stepway', 40),
(529, 'Scenic', 'scenic', 40),
(530, 'Symbol', 'symbol', 40),
(531, 'Trafic', 'trafic', 40),
(532, 'Twingo', 'twingo', 40),
(533, 'Alaskan', 'alaskan', 40),
(534, 'Kardian', 'kardian', 40),
(535, '25', '25', 41),
(536, '45', '45', 41),
(537, '75', '75', 41),
(538, '218', '218', 41),
(539, 'Mg', 'mg', 41),
(540, 'Serie 200', 'serie-200', 41),
(541, 'Serie 400', 'serie-400', 41),
(542, 'Serie 600', 'serie-600', 41),
(543, 'Serie 800', 'serie-800', 41),
(544, 'Altea', 'altea', 42),
(545, 'Cordoba', 'cordoba', 42),
(546, 'Ibiza', 'ibiza', 42),
(547, 'Inca', 'inca', 42),
(548, 'Leon', 'leon', 42),
(549, 'Toledo', 'toledo', 42),
(550, 'T30', 't30', 43),
(551, 'T32', 't32', 43),
(552, 'X30', 'x30', 43),
(553, 'City', 'city-2', 44),
(554, 'Forfour', 'forfour', 44),
(555, 'Fortwo', 'fortwo', 44),
(556, 'Actyon', 'actyon', 45),
(557, 'Istana', 'istana', 45),
(558, 'Korando', 'korando', 45),
(559, 'Kyron', 'kyron', 45),
(560, 'Musso', 'musso', 45),
(561, 'Forester', 'forester', 46),
(562, 'Impreza', 'impreza', 46),
(563, 'Justy', 'justy', 46),
(564, 'Legacy', 'legacy', 46),
(565, 'Outback', 'outback', 46),
(566, 'Tribeca', 'tribeca', 46),
(567, 'Wrx', 'wrx', 46),
(568, 'Xv', 'xv', 46),
(569, 'Alto', 'alto', 47),
(570, 'Baleno', 'baleno', 47),
(571, 'Fun', 'fun', 47),
(572, 'Grand Vitara', 'grand-vitara', 47),
(573, 'Jimny', 'jimny', 47),
(574, 'Marutti', 'marutti', 47),
(575, 'Samurai', 'samurai', 47),
(576, 'Sidekick', 'sidekick', 47),
(577, 'Super', 'super', 47),
(578, 'Swift', 'swift', 47),
(579, 'Vitara', 'vitara-2', 47),
(580, 'Sumo', 'sumo', 48),
(581, '4 Runner', '4-runner', 49),
(582, '86', '86', 49),
(583, 'Avensis', 'avensis', 49),
(584, 'Camry', 'camry', 49),
(585, 'Celica', 'celica', 49),
(586, 'Corolla', 'corolla', 49),
(587, 'Corona', 'corona', 49),
(588, 'Etios', 'etios', 49),
(589, 'Fielder', 'fielder', 49),
(590, 'Hiace', 'hiace', 49),
(591, 'Hilux', 'hilux', 49),
(592, 'Hilux Sw4', 'hilux-sw4', 49),
(593, 'Land Crusier', 'land-crusier', 49),
(594, 'Prado', 'prado', 49),
(595, 'Prius', 'prius', 49),
(596, 'Rav4', 'rav4', 49),
(597, 'Yaris', 'yaris', 49),
(598, 'Amarok', 'amarok', 50),
(599, 'Bora', 'bora', 50),
(600, 'Caddy', 'caddy', 50),
(601, 'Cc', 'cc', 50),
(602, 'Crossfox', 'crossfox', 50),
(603, 'Fox', 'fox', 50),
(604, 'Furgon', 'furgon', 50),
(605, 'Gacel', 'gacel', 50),
(606, 'Gol', 'gol', 50),
(607, 'Gol Country', 'gol-country', 50),
(608, 'Gol Trend', 'gol-trend', 50),
(609, 'Golf', 'golf', 50),
(610, 'Golf Variant', 'golf-variant', 50),
(611, 'New Beetle', 'new-beetle', 50),
(612, 'Passat', 'passat', 50),
(613, 'Passat Variant', 'passat-variant', 50),
(614, 'Pointer', 'pointer', 50),
(615, 'Polo', 'polo', 50),
(616, 'Quantum', 'quantum', 50),
(617, 'Santana', 'santana', 50),
(618, 'Saveiro', 'saveiro', 50),
(619, 'Scirocco', 'scirocco', 50),
(620, 'Senda', 'senda', 50),
(621, 'Sharan', 'sharan', 50),
(622, 'Suran', 'suran', 50),
(623, 'The Beetle', 'the-beetle', 50),
(624, 'Tiguan', 'tiguan', 50),
(625, 'Transporter', 'transporter', 50),
(626, 'Up!', 'up', 50),
(627, 'Vento', 'vento', 50),
(628, 'Vento Variant', 'vento-variant', 50),
(629, 'Vitrus', 'vitrus', 50),
(630, 'Voyage', 'voyage', 50),
(631, 'Taos', 'taos', 50),
(632, '264', '264', 51),
(633, '850', '850', 51),
(634, '940', '940', 51),
(635, '960', '960', 51),
(636, 'C30', 'c30', 51),
(637, 'C70', 'c70', 51),
(638, 'S40', 's40', 51),
(639, 'S60', 's60', 51),
(640, 'S70', 's70', 51),
(641, 'S80', 's80', 51),
(642, 'S90', 's90', 51),
(643, 'V40', 'v40', 51),
(644, 'V50', 'v50', 51),
(645, 'V70', 'v70', 51),
(646, 'Xc60', 'xc60', 51),
(647, 'Xc70', 'xc70', 51),
(648, 'Xc90', 'xc90', 51),
(649, 'Brezza 150', 'brezza-150', 52),
(650, 'Citi Plus 110', 'citi-plus-110', 52),
(651, 'Hardwind 200', 'hardwind-200', 52),
(652, 'Leyenda 150', 'leyenda-150', 52),
(653, 'Stronger 150', 'stronger-150', 52),
(654, 'Stronger 250', 'stronger-250', 52),
(655, 'Vectra 110', 'vectra-110', 52),
(656, 'Caponord 1200 Rally', 'caponord-1200-rally', 52),
(657, 'Dorsoduro 900', 'dorsoduro-900', 52),
(658, 'Rsv4 Rf 250', 'rsv4-rf-250', 52),
(659, 'Rsv4 Rr 250', 'rsv4-rr-250', 52),
(660, 'Shiver 750', 'shiver-750', 52),
(661, 'Shiver 900', 'shiver-900', 52),
(662, 'Tuono V4 1100', 'tuono-v4-1100', 52),
(663, 'Tuono V4 1100 Factory', 'tuono-v4-1100-factory', 52),
(664, 'SR160', 'sr160', 53),
(665, 'SXR', 'sxr', 53),
(666, 'SR GT', 'sr-gt', 53),
(667, 'RS660', 'rs660', 53),
(668, 'Tuono 660', 'tuono-660', 53),
(669, 'Touareg 660', 'touareg-660', 53),
(670, 'RSV4', 'rsv4', 53),
(671, 'Tuono V4', 'tuono-v4', 53),
(672, 'Dorsoduro', 'dorsoduro', 53),
(673, 'Shiver', 'shiver', 53),
(674, 'Avenger Cruise 220', 'avenger-cruise-220', 54),
(675, 'Avenger Street 220', 'avenger-street-220', 54),
(676, 'Boxer 150', 'boxer-150', 54),
(677, 'Dominar D 400', 'dominar-d-400', 54),
(678, 'Rouser 135', 'rouser-135', 54),
(679, 'Rouser 160', 'rouser-160', 54),
(680, 'Rouser 180', 'rouser-180', 54),
(681, 'Rouser 200', 'rouser-200', 54),
(682, 'Rouser 220', 'rouser-220', 54),
(683, 'V15 150', 'v15-150', 54),
(684, '302 R 300', '302-r-300', 55),
(685, 'Caffenero 150 ', 'caffenero-150', 55),
(686, 'Leoncino 500', 'leoncino-500', 55),
(687, 'Seta 125', 'seta-125', 55),
(688, 'Tnt 135', 'tnt-135', 55),
(689, 'Tnt 15 150', 'tnt-15-150', 55),
(690, 'Tnt 25 250', 'tnt-25-250', 55),
(691, 'Tnt 300', 'tnt-300', 55),
(692, 'Tnt 600', 'tnt-600', 55),
(693, 'Tnt 600 Gt', 'tnt-600-gt', 55),
(694, 'Trk 502', 'trk-502', 55),
(695, 'Zafferano 250', 'zafferano-250', 55),
(696, 'Akvo Bk 150', 'akvo-bk-150', 56),
(697, 'Arrow 150', 'arrow-150', 56),
(698, 'Boy 100', 'boy-100', 56),
(699, 'Bs 110', 'bs-110', 56),
(700, 'Evo 80', 'evo-80', 56),
(701, 'Motard 200', 'motard-200', 56),
(702, 'Motard 250', 'motard-250', 56),
(703, 'New Bs 110', 'new-bs-110', 56),
(704, 'Rr 50 Kinder', 'rr-50-kinder', 56),
(705, 'Rr 125', 'rr-125', 56),
(706, 'Rr 300', 'rr-300', 56),
(707, 'Rr 350', 'rr-350', 56),
(708, 'Rr 390', 'rr-390', 56),
(709, 'Rr 430', 'rr-430', 56),
(710, 'Rr 480', 'rr-480', 56),
(711, 'Scooby 80', 'scooby-80', 56),
(712, 'Tempo Deluxe 150', 'tempo-deluxe-150', 56),
(713, 'Tr 20 200', 'tr-20-200', 56),
(714, 'Tr 25 250', 'tr-25-250', 56),
(715, 'X Trainer 300', 'x-trainer-300', 56),
(716, 'Zontes 310', 'zontes-310', 56),
(717, 'Zontes 350', 'zontes-350', 56),
(718, 'C 650 Gt', 'c-650-gt', 57),
(719, 'C 650 Sport', 'c-650-sport', 57),
(720, 'F 700 Gs', 'f-700-gs', 57),
(721, 'F 750 Gs', 'f-750-gs', 57),
(722, 'F 800 Gs  ', 'f-800-gs', 57),
(723, 'F 800 Gs Adventure', 'f-800-gs-adventure', 57),
(724, 'F 850 Gs', 'f-850-gs', 57),
(725, 'G 310 Gs', 'g-310-gs', 57),
(726, 'G 310 R', 'g-310-r', 57),
(727, 'Hp4 Race 1000', 'hp4-race-1000', 57),
(728, 'K 1600 B', 'k-1600-b', 57),
(729, 'K 1600 Gt', 'k-1600-gt', 57),
(730, 'K 1600 Gtl', 'k-1600-gtl', 57),
(731, 'R 1200 Gs  ', 'r-1200-gs', 57),
(732, 'R 1200 Gs Adventure', 'r-1200-gs-adventure', 57),
(733, 'R 1200 R', 'r-1200-r', 57),
(734, 'R 1200 Rs', 'r-1200-rs', 57),
(735, 'R 1200 Rt', 'r-1200-rt', 57),
(736, 'Rt 1200', 'rt-1200', 57),
(737, 'Rt Pure 1200', 'rt-pure-1200', 57),
(738, 'Rt Racer 1200', 'rt-racer-1200', 57),
(739, 'Rt Scrambler 1200', 'rt-scrambler-1200', 57),
(740, 'Rt Urban 1200', 'rt-urban-1200', 57),
(741, 'S 1000 R', 's-1000-r', 57),
(742, 'S 1000 Rr', 's-1000-rr', 58),
(743, 'S 1000 Xr', 's-1000-xr', 58),
(744, 'Altino 150', 'altino-150', 58),
(745, 'Altino 180', 'altino-180', 58),
(746, 'Altino 200', 'altino-200', 58),
(747, 'Aquila 200', 'aquila-200', 58),
(748, 'Daystar 250', 'daystar-250', 58),
(749, 'Elektra 150', 'elektra-150', 58),
(750, 'Lazer 70', 'lazer-70', 58),
(751, 'Nevada 110', 'nevada-110', 58),
(752, 'Nevada 125', 'nevada-125', 58),
(753, 'Texana 200', 'texana-200', 58),
(754, 'Texana 250', 'texana-250', 59),
(755, 'Winstar 150', 'winstar-150', 59),
(756, 'Chamical 150', 'chamical-150', 59),
(757, 'Colt 200', 'colt-200', 59),
(758, 'Fly Ce 110', 'fly-ce-110', 59),
(759, 'Link Ce 110', 'link-ce-110', 59),
(760, 'Mov Ce 125', 'mov-ce-125', 59),
(761, 'Prince Ce 150', 'prince-ce-150', 59),
(762, 'Prince Ce 250', 'prince-ce-250', 59),
(763, 'R9 Ce 125', 'r9-ce-125', 59),
(764, 'Router 250', 'router-250', 59),
(765, 'Street 125', 'street-125', 59),
(766, 'Street 150', 'street-150', 59),
(767, 'Talampaya 250', 'talampaya-250', 60),
(768, 'Xrc 250', 'xrc-250', 60),
(769, '150 Kk', '150-kk', 60),
(770, '250 Kk', '250-kk', 60),
(771, '400 Kk', '400-kk', 60),
(772, '650 Mk', '650-mk', 60),
(773, '650 Nt', '650-nt', 60),
(774, 'St Papio 125', 'st-papio-125', 60),
(775, 'Dx 70', 'dx-70', 61),
(776, 'Energy 110', 'energy-110', 61),
(777, 'Energy 125', 'energy-125', 61),
(778, 'Expert 80', 'expert-80', 61),
(779, 'Expert 150', 'expert-150', 61),
(780, 'Hunter 150', 'hunter-150', 61),
(781, 'Indiana 256', 'indiana-256', 61),
(782, 'Mirage 110', 'mirage-110', 61),
(783, 'Triax 150', 'triax-150', 61),
(784, 'Triax 200', 'triax-200', 61),
(785, 'Triax 250', 'triax-250', 61),
(786, 'Txr 250', 'txr-250', 61),
(787, 'Besbi 125', 'besbi-125', 62),
(788, 'Roadwin 250', 'roadwin-250', 62),
(789, 'S3 Advance 250', 's3-advance-250', 62),
(790, 'Steezer 125', 'steezer-125', 62),
(791, 'Diavel 1200', 'diavel-1200', 63),
(792, 'Diavel Carbon 1200', 'diavel-carbon-1200', 63),
(793, 'Hypermotard 939', 'hypermotard-939', 63),
(794, 'Monster 797', 'monster-797', 63),
(795, 'Monster 821', 'monster-821', 63),
(796, 'Monster 1200', 'monster-1200', 63),
(797, 'Multistrada 950', 'multistrada-950', 63),
(798, 'Multistrada 1200', 'multistrada-1200', 63),
(799, 'Scrambler Café Racer 800', 'scrambler-cafe-racer-800', 63),
(800, 'Scrambler Classic 800', 'scrambler-classic-800', 63),
(801, 'Scrambler Desert Sled 800', 'scrambler-desert-sled-800', 63),
(802, 'Scrambler Full Throttle 800', 'scrambler-full-throttle-800', 63),
(803, 'Scrambler Icon 800', 'scrambler-icon-800', 63),
(804, 'Scrambler Mach 20 800', 'scrambler-mach-20-800', 63),
(805, 'Scrambler Sixty2 400', 'scrambler-sixty2-400', 63),
(806, 'Superbike 959 Panigale', 'superbike-959-panigale', 63),
(807, 'Superbike 1299 Panigale', 'superbike-1299-panigale', 63),
(808, 'Supersport 937', 'supersport-937', 63),
(809, 'Xdiavel 1260', 'xdiavel-1260', 63),
(810, 'Gx 50', 'gx-50', 64),
(811, 'Gx 125', 'gx-125', 64),
(812, 'Gx 250', 'gx-250', 64),
(813, 'G1 250', 'g1-250', 65),
(814, 'Picolla 150', 'picolla-150', 65),
(815, 'Qm 125', 'qm-125', 65),
(816, 'Sg 150', 'sg-150', 65),
(817, 'Shael 150', 'shael-150', 65),
(818, 'Smash 110', 'smash-110', 65),
(819, 'Smash 125', 'smash-125', 65),
(820, 'Smx 200', 'smx-200', 65),
(821, 'Smx 250', 'smx-250', 65),
(822, 'Smx 400', 'smx-400', 65),
(823, 'Super 150', 'super-150', 65),
(824, 'Urbana 125', 'urbana-125', 65),
(825, 'Vc 150', 'vc-150', 65),
(826, 'Vc 200', 'vc-200', 65),
(827, 'Vc 250', 'vc-250', 65),
(828, 'Vc 650', 'vc-650', 65),
(829, 'Yl 200', 'yl-200', 65),
(830, 'G 110', 'g-110', 66),
(831, 'G 125', 'g-125', 66),
(832, 'G 70 Day', 'g-70-day', 66),
(833, 'G 90 Econo', 'g-90-econo', 66),
(834, 'Gc 150 Urban', 'gc-150-urban', 66),
(835, 'Gmx 150', 'gmx-150', 66),
(836, 'Gpr 250', 'gpr-250', 66),
(837, 'Gr1 150', 'gr1-150', 66),
(838, 'Gr1 200', 'gr1-200', 66),
(839, 'Gr5 230', 'gr5-230', 66),
(840, 'Gr6 300', 'gr6-300', 66),
(841, 'Gr9 650', 'gr9-650', 66),
(842, 'Grf 250', 'grf-250', 66),
(843, 'Grf 90', 'grf-90', 66),
(844, 'Grm 150', 'grm-150', 66),
(845, 'Gsl 150', 'gsl-150', 66),
(846, 'Gxl 150 Tundra', 'gxl-150-tundra', 66),
(847, 'Gxr 200 Tundra', 'gxr-200-tundra', 66),
(848, 'Gxr 250 Tundra', 'gxr-250-tundra', 66),
(849, 'Gxr 300', 'gxr-300', 66),
(850, 'Custom', 'custom', 67),
(851, 'Fat', 'fat', 67),
(852, 'Forty Eight', 'forty-eight', 67),
(853, 'Iron', 'iron', 67),
(854, 'Nightster', 'nightster', 67),
(855, 'Road King', 'road-king', 67),
(856, 'Roadster', 'roadster', 67),
(857, 'Softail', 'softail', 67),
(858, 'Sportster', 'sportster', 67),
(859, 'Street', 'street', 67),
(860, 'Superslow', 'superslow', 67),
(861, 'Touring', 'touring', 67),
(862, 'Dash 110', 'dash-110', 68),
(863, 'Hunk 150', 'hunk-150', 68),
(864, 'Hunk Sport 150', 'hunk-sport-150', 68),
(865, 'Ignitor 125', 'ignitor-125', 68),
(866, 'Biz 125', 'biz-125', 69),
(867, 'Cb 1000 R', 'cb-1000-r', 69),
(868, 'Cb 125 Twister', 'cb-125-twister', 69),
(869, 'Cb 150 Invicta', 'cb-150-invicta', 69),
(870, 'Cb 190', 'cb-190', 69),
(871, 'Cb 250 Twister', 'cb-250-twister', 69),
(872, 'Cb 300 R', 'cb-300-r', 69),
(873, 'Cb 400', 'cb-400', 69),
(874, 'Cb 500', 'cb-500', 69),
(875, 'Cb1 125', 'cb1-125', 69),
(876, 'Cbr 1000', 'cbr-1000', 69),
(877, 'Cbr 300', 'cbr-300', 69),
(878, 'Cbr 600', 'cbr-600', 69),
(879, 'Cg 150 Titan', 'cg-150-titan', 69),
(880, 'Cr 125', 'cr-125', 69),
(881, 'Cr 250', 'cr-250', 69),
(882, 'Crf 1000 Africa Twin', 'crf-1000-africa-twin', 69),
(883, 'Crf 150', 'crf-150', 69),
(884, 'Crf 230', 'crf-230', 69),
(885, 'Crf 250', 'crf-250', 69),
(886, 'Crf 450', 'crf-450', 69),
(887, 'Elite 125', 'elite-125', 69),
(888, 'Goldwing', 'goldwing', 69),
(889, 'Nc 750', 'nc-750', 69),
(890, 'Nx 400 Falcon ', 'nx-400-falcon', 69),
(891, 'Pcx 150', 'pcx-150', 69),
(892, 'Storm 125', 'storm-125', 69),
(893, 'Transalp', 'transalp', 69),
(894, 'Wave 110', 'wave-110', 69),
(895, 'Xr 125', 'xr-125', 69),
(896, 'Xr 150', 'xr-150', 69),
(897, 'Xr 190', 'xr-190', 69),
(898, 'Xr 250 Tornado', 'xr-250-tornado', 69),
(899, 'Xr 600', 'xr-600', 69),
(900, 'Xre 300', 'xre-300', 69),
(901, '701 Enduro', '701-enduro', 70),
(902, '701 Supermoto', '701-supermoto', 70),
(903, 'Fc 250', 'fc-250', 70),
(904, 'Fc 350', 'fc-350', 70),
(905, 'Fc 450', 'fc-450', 70),
(906, 'Fe 250', 'fe-250', 70),
(907, 'Fe 350', 'fe-350', 70),
(908, 'Fe 450 ', 'fe-450', 70),
(909, 'Fe 501', 'fe-501', 70),
(910, 'Svartpilen 401', 'svartpilen-401', 70),
(911, 'Tc 50', 'tc-50', 70),
(912, 'Tc 65', 'tc-65', 70),
(913, 'Tc 85', 'tc-85', 70),
(914, 'Tc 125', 'tc-125', 70),
(915, 'Tc 250', 'tc-250', 70),
(916, 'Te 150', 'te-150', 70),
(917, 'Te 250 ', 'te-250', 70),
(918, 'Te 300', 'te-300', 70),
(919, 'Vitpilen 401', 'vitpilen-401', 70),
(920, 'Vitpilen 701', 'vitpilen-701', 70),
(921, 'Gd 250', 'gd-250', 71),
(922, 'Gt 250', 'gt-250', 71),
(923, 'Gt 650', 'gt-650', 71),
(924, 'Bobber 350', 'bobber-350', 72),
(925, 'Café Racer 350', 'cafe-racer-350', 72),
(926, 'Rvm 350-9', 'rvm-350-9', 72),
(927, 'Rvm 600', 'rvm-600', 72),
(928, 'Rvm 660 Sportard', 'rvm-660-sportard', 72),
(929, 'Rvm Cz 200', 'rvm-cz-200', 72),
(930, 'Rvm Daytona 350', 'rvm-daytona-350', 72),
(931, 'Rvm Ruta 40-350', 'rvm-ruta-40-350', 72),
(932, 'Rvm Ruta 40-600', 'rvm-ruta-40-600', 72),
(933, 'Rvm Spyder 350', 'rvm-spyder-350', 72),
(934, 'Rvm Tekken 250', 'rvm-tekken-250', 72),
(935, 'Rvm-F4 250', 'rvm-f4-250', 72),
(936, 'Js 125 6b', 'js-125-6b', 73),
(937, 'Js 125 6by', 'js-125-6by', 73),
(938, 'Js 125 6e', 'js-125-6e', 73),
(939, 'Js 125 F', 'js-125-f', 73),
(940, 'Js 150', 'js-150', 73),
(941, 'Klr 650', 'klr-650', 74),
(942, 'Klx 140', 'klx-140', 74),
(943, 'Klx 450', 'klx-450', 74),
(944, 'Kx 85', 'kx-85', 74),
(945, 'Kx 250 F', 'kx-250-f', 74),
(946, 'Kx 450 F', 'kx-450-f', 74),
(947, 'Ninja 250', 'ninja-250', 74),
(948, 'Ninja 400', 'ninja-400', 74),
(949, 'Ninja 650', 'ninja-650', 74),
(950, 'Ninja Zx 10r (1000)', 'ninja-zx-10r-1000', 74),
(951, 'Ninja Zx 14r (1400)', 'ninja-zx-14r-1400', 74),
(952, 'Versys 300', 'versys-300', 74),
(953, 'Versys 650', 'versys-650', 74),
(954, 'Versys 1000', 'versys-1000', 74),
(955, 'Vulcan 500', 'vulcan-500', 74),
(956, 'Vulcan 900', 'vulcan-900', 74),
(957, 'Vulcan S 650', 'vulcan-s-650', 74),
(958, 'Z 650', 'z-650', 74),
(959, 'Z 900', 'z-900', 74),
(960, 'Z 1000', 'z-1000', 74),
(961, 'Cruiser 250', 'cruiser-250', 75),
(962, 'Rk 150', 'rk-150', 75),
(963, 'Rks 150', 'rks-150', 75),
(964, 'Rkv 200', 'rkv-200', 75),
(965, 'Target 125', 'target-125', 75),
(966, 'Crono 110', 'crono-110', 76),
(967, 'Exotic 150', 'exotic-150', 76),
(968, 'Jetmax 250', 'jetmax-250', 76),
(969, 'K 65', 'k-65', 76),
(970, 'K 65 Mt', 'k-65-mt', 76),
(971, 'K 65 Tr', 'k-65-tr', 76),
(972, 'K 400', 'k-400', 76),
(973, 'Miracle 150', 'miracle-150', 76),
(974, 'Miracle 200', 'miracle-200', 76),
(975, 'Quasar 260 ', 'quasar-260', 76),
(976, 'Stratus 150 ', 'stratus-150', 76),
(977, 'Xtreme 150', 'xtreme-150', 76),
(978, '50 Sx', '50-sx', 77),
(979, '65 Sx', '65-sx', 77),
(980, '85 Sx', '85-sx', 77),
(981, '125 Sx', '125-sx', 77),
(982, '150 Sx', '150-sx', 77),
(983, '200 Duke', '200-duke', 77),
(984, 'Rc 200', 'rc-200', 77),
(985, '250 Duke', '250-duke', 77),
(986, '250 Exc Tpi', '250-exc-tpi', 77),
(987, '250 Exc-F', '250-exc-f', 77),
(988, '250 Sx-F', '250-sx-f', 77),
(989, '300 Exc Tpi', '300-exc-tpi', 77),
(990, '350 Exc-F', '350-exc-f', 77),
(991, '350 Sx-F', '350-sx-f', 77),
(992, '390 Duke', '390-duke', 77),
(993, 'Rc 390', 'rc-390', 77),
(994, '450 Exc-F', '450-exc-f', 77),
(995, '450 Rally', '450-rally', 77),
(996, '450 Sx-F', '450-sx-f', 77),
(997, '500 Exc-F', '500-exc-f', 77),
(998, '690 Enduro', '690-enduro', 77),
(999, '690 Smc-R', '690-smc-r', 77),
(1000, '1090 Adventure', '1090-adventure', 77),
(1001, '1290 Adventure', '1290-adventure', 77),
(1002, '1290 Super Duke', '1290-super-duke', 77),
(1003, 'Agility 50', 'agility-50', 78),
(1004, 'Agility 125', 'agility-125', 78),
(1005, 'Agility 200', 'agility-200', 78),
(1006, 'Ak 550', 'ak-550', 78),
(1007, 'Downtown 300', 'downtown-300', 78),
(1008, 'Grand Dink 250', 'grand-dink-250', 78),
(1009, 'Like 125', 'like-125', 78),
(1010, 'Like 200', 'like-200', 78),
(1011, 'People Gti 300', 'people-gti-300', 78),
(1012, 'X Town 250', 'x-town-250', 78),
(1013, 'Milano 150', 'milano-150', 79),
(1014, 'Modena 200', 'modena-200', 79),
(1015, 'Verona 125', 'verona-125', 79),
(1016, 'Black Star 150', 'black-star-150', 80),
(1017, 'City 125', 'city-125', 80),
(1018, 'Dual 150', 'dual-150', 80),
(1019, 'Dual 200', 'dual-200', 80),
(1020, 'F1 125', 'f1-125', 80),
(1021, 'Fox 110', 'fox-110', 80),
(1022, 'Go! 70', 'go-70', 80),
(1023, 'Halley 200', 'halley-200', 80),
(1024, 'Maxim 250', 'maxim-250', 80),
(1025, 'Phanther 250', 'phanther-250', 80),
(1026, 'Street 150', 'street-150-2', 80),
(1027, 'Supra 125', 'supra-125', 80),
(1028, 'Terra Adventure 250', 'terra-adventure-250', 80),
(1029, 'Top 110', 'top-110', 80),
(1030, 'Xrt 110', 'xrt-110', 80),
(1031, 'Sport 250 R', 'sport-250-r', 81),
(1032, 'Dax 70', 'dax-70', 82),
(1033, 'Ex 150', 'ex-150', 82),
(1034, 'Hd 150', 'hd-150', 82),
(1035, 'Hd 250', 'hd-250', 82),
(1036, 'Ld 110', 'ld-110', 82),
(1037, 'Md 125', 'md-125', 82),
(1038, 'Md 150', 'md-150', 82),
(1039, 'Md 300', 'md-300', 82),
(1040, 'Monkey 50', 'monkey-50', 82),
(1041, 'Qj 110', 'qj-110', 82),
(1042, 'Rd 150', 'rd-150', 82),
(1043, 'Rd 200', 'rd-200', 82),
(1044, 'Rd 250', 'rd-250', 82),
(1045, 'Rv 125', 'rv-125', 82),
(1046, 'Td 150', 'td-150', 82),
(1047, 'Td 200', 'td-200', 82),
(1048, 'Vd 250', 'vd-250', 82),
(1049, 'Blitz 110', 'blitz-110', 83),
(1050, 'Custom 150', 'custom-150', 83),
(1051, 'Dlx Deluxe 110', 'dlx-deluxe-110', 83),
(1052, 'Dresser 250', 'dresser-250', 83),
(1053, 'Go Vintage 125', 'go-vintage-125', 83),
(1054, 'Max 110', 'max-110', 83),
(1055, 'S2 150', 's2-150', 83),
(1056, 'S3 150', 's3-150', 83),
(1057, 'S6 250', 's6-250', 83),
(1058, 'Sirius 150', 'sirius-150', 83),
(1059, 'Sirius 250', 'sirius-250', 83),
(1060, 'Skua 125', 'skua-125', 83),
(1061, 'Skua 150', 'skua-150', 83),
(1062, 'Skua 200', 'skua-200', 83),
(1063, 'Skua 250', 'skua-250', 83),
(1064, 'Sr 200 ', 'sr-200', 83),
(1065, 'Strato Alpino 150', 'strato-alpino-150', 83),
(1066, 'Strato Euro 150 ', 'strato-euro-150', 83),
(1067, 'Strato Fun 80', 'strato-fun-80', 83),
(1068, 'Xmm 250', 'xmm-250', 83),
(1069, 'Brutale 800', 'brutale-800', 84),
(1070, 'Brutale 1000', 'brutale-1000', 84),
(1071, 'Dragster 800', 'dragster-800', 84),
(1072, 'F3 675', 'f3-675', 84),
(1073, 'F3 800', 'f3-800', 84),
(1074, 'F4 750', 'f4-750', 84),
(1075, 'F4 1000', 'f4-1000', 84),
(1076, 'Turismo Veloce 800', 'turismo-veloce-800', 84),
(1077, 'Mini Cross 50', 'mini-cross-50', 85),
(1078, 'Mini Cross 65', 'mini-cross-65', 85),
(1079, 'Mini Pista 50', 'mini-pista-50', 85),
(1080, 'Evo 400', 'evo-400', 86),
(1081, 'Mp3 300 Yourban', 'mp3-300-yourban', 86),
(1082, 'Mp3 300 Yourban Sport', 'mp3-300-yourban-sport', 86),
(1083, 'Mp3 500 Business', 'mp3-500-business', 86),
(1084, 'Runner', 'runner', 86),
(1085, 'Typhoon', 'typhoon', 86),
(1086, 'Vespa', 'vespa', 86),
(1087, 'Bullet Classic 500', 'bullet-classic-500', 87),
(1088, 'Continental Gt 650', 'continental-gt-650', 87),
(1089, 'Interceptor Int 650 ', 'interceptor-int-650', 87),
(1090, 'Deluxe 125', 'deluxe-125', 88),
(1091, 'Li 150', 'li-150', 88),
(1092, 'Standard', 'standard', 88),
(1093, 'Tv 175', 'tv-175', 88),
(1094, 'An 125', 'an-125', 89),
(1095, 'Ax 100', 'ax-100', 89),
(1096, 'Bendit 650', 'bendit-650', 89),
(1097, 'Boulevard 540', 'boulevard-540', 89),
(1098, 'Burgam 125', 'burgam-125', 89),
(1099, 'Burgam 200', 'burgam-200', 89),
(1100, 'Burgam 400', 'burgam-400', 89),
(1101, 'Dr 350', 'dr-350', 89),
(1102, 'Dr 650', 'dr-650', 89),
(1103, 'Ds 80', 'ds-80', 89),
(1104, 'En 125', 'en-125', 89),
(1105, 'Gn 125', 'gn-125', 89),
(1106, 'Gs 500', 'gs-500', 89),
(1107, 'Gsr 600', 'gsr-600', 89),
(1108, 'Gsr 750', 'gsr-750', 89),
(1109, 'Gsx 150 Gixxer', 'gsx-150-gixxer', 89),
(1110, 'Gsx 600', 'gsx-600', 89),
(1111, 'Gsx 750', 'gsx-750', 89),
(1112, 'Gsx-R 1000', 'gsx-r-1000', 89),
(1113, 'Hayabusa 1300', 'hayabusa-1300', 89),
(1114, 'Inazuma 250', 'inazuma-250', 89),
(1115, 'Intruder 800', 'intruder-800', 89),
(1116, 'Rm 250', 'rm-250', 89),
(1117, 'Rm-Z 250', 'rm-z-250', 89),
(1118, 'Rm-Z 450', 'rm-z-450', 89),
(1119, 'Sv 650', 'sv-650', 89),
(1120, 'V-Strom 250', 'v-strom-250', 89),
(1121, 'V-Strom 650', 'v-strom-650', 89),
(1122, 'V-Strom 1000', 'v-strom-1000', 89),
(1123, 'Citycom 300', 'citycom-300', 90),
(1124, 'Crox 125', 'crox-125', 90),
(1125, 'Fiddle 150', 'fiddle-150', 90),
(1126, 'Joy Ride 200', 'joy-ride-200', 90),
(1127, 'Maxsym 600', 'maxsym-600', 90),
(1128, 'Symphony 125', 'symphony-125', 90),
(1129, 'Aero 150', 'aero-150', 91),
(1130, 'Coaster 250', 'coaster-250', 91),
(1131, 'Jet 110', 'jet-110', 91),
(1132, 'R 200', 'r-200', 91),
(1133, 'Rs 150', 'rs-150', 91),
(1134, 'Samurai 250', 'samurai-250', 91),
(1135, 'Zonda 200', 'zonda-200', 91),
(1136, 'Bonneville Bobber', 'bonneville-bobber', 92),
(1137, 'Bonneville Speedmaster', 'bonneville-speedmaster', 92),
(1138, 'Bonneville T100', 'bonneville-t100', 92),
(1139, 'Bonneville T120', 'bonneville-t120', 92),
(1140, 'Street Cup 900', 'street-cup-900', 92),
(1141, 'Street Scrambler', 'street-scrambler', 92),
(1142, 'Street Triple 765', 'street-triple-765', 92),
(1143, 'Street Twin 900', 'street-twin-900', 92),
(1144, 'Thruxton 1200', 'thruxton-1200', 92),
(1145, 'Tigger 800', 'tigger-800', 92),
(1146, 'Tigger Explorer 1200', 'tigger-explorer-1200', 92),
(1147, '70 Aniversario 150', '70-aniversario-150', 93),
(1148, 'Classic Vxl 150', 'classic-vxl-150', 93),
(1149, 'Gts 300', 'gts-300', 93),
(1150, 'Gts Super 300', 'gts-super-300', 93),
(1151, 'Primavera 150', 'primavera-150', 93),
(1152, 'Sprint 150', 'sprint-150', 93),
(1153, 'Crypton 110', 'crypton-110', 94),
(1154, 'Fazer Fi 150', 'fazer-fi-150', 94),
(1155, 'Fz 25 250', 'fz-25-250', 94),
(1156, 'Fz Fi 150', 'fz-fi-150', 94),
(1157, 'Fz-S Fi 150', 'fz-s-fi-150', 94),
(1158, 'Mt-03 300', 'mt-03-300', 94),
(1159, 'Mt-07 700', 'mt-07-700', 94),
(1160, 'Mt-09 900', 'mt-09-900', 94),
(1161, 'Mt-10 1000', 'mt-10-1000', 94),
(1162, 'Nm-X 150', 'nm-x-150', 94),
(1163, 'Pw 50', 'pw-50', 94),
(1164, 'Ray Zr 110', 'ray-zr-110', 94),
(1165, 'Sz-Rr 150', 'sz-rr-150', 94),
(1166, 'Tmax Dx 500', 'tmax-dx-500', 94),
(1167, 'Tt-R 125', 'tt-r-125', 94),
(1168, 'Tt-R 230', 'tt-r-230', 94),
(1169, 'Wr 250', 'wr-250', 94),
(1170, 'Wr 450', 'wr-450', 94),
(1171, 'Xsr 700', 'xsr-700', 94),
(1172, 'Xsr 900', 'xsr-900', 94),
(1173, 'Xtz 125', 'xtz-125', 94),
(1174, 'Xtz 250', 'xtz-250', 94),
(1175, 'Xtz 250 Tenere', 'xtz-250-tenere', 94),
(1176, 'Xtz 1200 Super Tenere', 'xtz-1200-super-tenere', 94),
(1177, 'Xv 950', 'xv-950', 94),
(1178, 'Ybr 125', 'ybr-125', 94),
(1179, 'Ybr 250', 'ybr-250', 94),
(1180, 'Yz 85', 'yz-85', 94),
(1181, 'Yz 125', 'yz-125', 94),
(1182, 'Yz 250', 'yz-250', 94),
(1183, 'Yz 450', 'yz-450', 94),
(1184, 'Yzf-R1 1000', 'yzf-r1-1000', 94),
(1185, 'Yzf-R3 300', 'yzf-r3-300', 94),
(1186, 'Yzf-R6 600', 'yzf-r6-600', 94),
(1187, 'Ceccato 150', 'ceccato-150', 95),
(1188, 'Ceccato 250', 'ceccato-250', 95),
(1189, 'Due 110', 'due-110', 95),
(1190, 'Exclusive 150', 'exclusive-150', 95),
(1191, 'Gt2 200', 'gt2-200', 95),
(1192, 'Hot 90 Shot', 'hot-90-shot', 95),
(1193, 'Mod 150', 'mod-150', 95),
(1194, 'Motoneta 110 Vintage', 'motoneta-110-vintage', 95),
(1195, 'Patagonian Eagle 150', 'patagonian-eagle-150', 95),
(1196, 'Patagonian Eagle 250', 'patagonian-eagle-250', 95),
(1197, 'Patagonian Eagle 350', 'patagonian-eagle-350', 95),
(1198, 'Rx 1 150', 'rx-1-150', 95),
(1199, 'Rx 150', 'rx-150', 95),
(1200, 'Rx 200', 'rx-200', 95),
(1201, 'zRz 25 250', 'zrz-25-250', 95),
(1202, 'Rz 3 250', 'rz-3-250', 95),
(1203, 'Rz 7 650', 'rz-7-650', 95),
(1204, 'Sapucai 150', 'sapucai-150', 95),
(1205, 'Styler 150', 'styler-150', 95),
(1206, 'Zb 110', 'zb-110', 95),
(1207, 'Zb 125', 'zb-125', 95),
(1208, 'Zr 150', 'zr-150', 95),
(1209, 'Zr 200', 'zr-200', 95),
(1210, 'Zr 250', 'zr-250', 95),
(1211, '8500 Euro', '8500-euro', 96),
(1212, '8700 Lx', '8700-lx', 96),
(1213, '8700 S', '8700-s', 96),
(1214, '8700 Tr', '8700-tr', 96),
(1215, '10000 S', '10000-s', 96),
(1216, '10000 Lx', '10000-lx', 96),
(1217, '13000 Euro', '13000-euro', 96),
(1218, '14000 Lx', '14000-lx', 96),
(1219, '14000 S 4x2', '14000-s-4x2', 96),
(1220, '14000 S 6x2', '14000-s-6x2', 96),
(1221, 'A 7500', 'a-7500', 96),
(1222, 'A 8700', 'a-8700', 96),
(1223, 'A 10000', 'a-10000', 96),
(1224, 'Dynamic', 'dynamic', 96),
(1225, '350', '350-2', 97),
(1226, '714', '714', 98),
(1227, 'C-50', 'c-50', 98),
(1228, 'C-60', 'c-60', 98),
(1229, 'C-70', 'c-70', 98),
(1230, 'Kodiak', 'kodiak', 98),
(1231, 'Npr', 'npr', 98),
(1232, '500', '500-2', 99),
(1233, '600', '600-2', 99),
(1234, '700', '700', 99),
(1235, '800', '800', 99),
(1236, '1000', '1000', 99),
(1237, 'Diolica', 'diolica', 100),
(1238, 'T01', 't01', 100),
(1239, '150', '150', 101),
(1240, '190', '190', 101),
(1241, '619', '619', 101),
(1242, '673', '673', 101),
(1243, '697', '697', 101),
(1244, 'Cargo 712', 'cargo-712', 102),
(1245, 'Cargo 915', 'cargo-915', 102),
(1246, 'Cargo 916', 'cargo-916', 102),
(1247, 'Cargo 1119', 'cargo-1119', 102),
(1248, 'Cargo 1317', 'cargo-1317', 102),
(1249, 'Cargo 1519', 'cargo-1519', 102),
(1250, 'Cargo 1722', 'cargo-1722', 102),
(1251, 'Cargo 1723 4x2', 'cargo-1723-4x2', 102),
(1252, 'Cargo 1723 6x2', 'cargo-1723-6x2', 102),
(1253, 'Cargo 1729', 'cargo-1729', 102),
(1254, 'Cargo 1730', 'cargo-1730', 102),
(1255, 'Cargo 1831', 'cargo-1831', 102),
(1256, 'Cargo 1832', 'cargo-1832', 102),
(1257, 'Cargo 1932', 'cargo-1932', 102),
(1258, 'Cargo 1933', 'cargo-1933', 102),
(1259, 'Cargo 2042', 'cargo-2042', 102),
(1260, 'Cargo 2631', 'cargo-2631', 102),
(1261, 'Cargo 2632', 'cargo-2632', 102),
(1262, 'Cargo 2842', 'cargo-2842', 102),
(1263, 'Cargo 3129', 'cargo-3129', 102),
(1264, 'F-600', 'f-600', 102),
(1265, 'F-700', 'f-700', 102),
(1266, 'F-900', 'f-900', 102),
(1267, 'F-4000', 'f-4000', 102),
(1268, 'F-6000', 'f-6000', 102),
(1269, 'F-7000', 'f-7000', 102),
(1270, 'F-14000', 'f-14000', 102),
(1271, '514', '514', 103),
(1272, '616', '616', 103),
(1273, '716', '716', 103),
(1274, '816', '816', 103),
(1275, 'Hd 250', 'hd-250-2', 104),
(1276, 'Hd 350', 'hd-350', 104),
(1277, 'Hd 65', 'hd-65', 104),
(1278, 'Hd 72', 'hd-72', 104),
(1279, 'Hd 78', 'hd-78', 104),
(1280, 'Npr 75', 'npr-75', 105),
(1281, 'Caballino', 'caballino', 106),
(1282, 'Cursor', 'cursor', 106),
(1283, 'Daily', 'daily-2', 106),
(1284, 'Eurocargo', 'eurocargo', 106),
(1285, 'Eurotech', 'eurotech', 106),
(1286, 'Eurotrakker', 'eurotrakker', 106),
(1287, 'Stralis', 'stralis', 106),
(1288, 'Stralis Hi-Way', 'stralis-hi-way', 106),
(1289, 'Tector', 'tector', 106),
(1290, 'Tector Attack', 'tector-attack', 106),
(1291, 'Vertis', 'vertis', 106),
(1292, 'N601', 'n601', 107),
(1293, 'N800', 'n800', 107),
(1294, 'N900', 'n900', 107),
(1295, '3600', '3600', 108),
(1296, '312', '312', 109),
(1297, '608', '608', 109),
(1298, '709', '709', 109),
(1299, '710', '710', 109),
(1300, '712', '712', 109),
(1301, '911', '911-2', 109),
(1302, '913', '913', 109),
(1303, '1112', '1112', 109),
(1304, '1114', '1114', 109),
(1305, '1215', '1215', 109),
(1306, '1218', '1218', 109),
(1307, '1315', '1315', 109),
(1308, '1318', '1318', 109),
(1309, '1518', '1518', 109),
(1310, '1620', '1620', 109),
(1311, '1622', '1622', 109),
(1312, '1624', '1624', 109),
(1313, '1633', '1633', 109),
(1314, '1634', '1634', 109),
(1315, '1720', '1720', 109),
(1316, '1722', '1722', 109),
(1317, '2318', '2318', 109),
(1318, 'Accelo 815', 'accelo-815', 109),
(1319, 'Accelo 1016', 'accelo-1016', 109),
(1320, 'Actros', 'actros', 109),
(1321, 'Atego', 'atego', 109),
(1322, 'Atron', 'atron', 109),
(1323, 'Axor', 'axor', 109),
(1324, 'Midliner Ms 300', 'midliner-ms-300', 110),
(1325, 'Midlum Dxi 220', 'midlum-dxi-220', 110),
(1326, 'Midlum Dxi 300', 'midlum-dxi-300', 110),
(1327, 'Premium Dxi 320', 'premium-dxi-320', 110),
(1328, 'Premium Dxi 370', 'premium-dxi-370', 110),
(1329, 'Premium Dxi 380', 'premium-dxi-380', 110),
(1330, 'Premium Dxi 420', 'premium-dxi-420', 110),
(1331, 'Premium Dxi 440', 'premium-dxi-440', 110),
(1332, 'Serie G', 'serie-g', 111),
(1333, 'Serie P', 'serie-p', 111),
(1334, 'Serie R', 'serie-r', 111),
(1335, 'T 111', 't-111', 111),
(1336, 'T 112', 't-112', 111),
(1337, 'T 113', 't-113', 111),
(1338, 'T 114', 't-114', 111),
(1339, '608', '608-2', 112),
(1340, '609', '609', 112),
(1341, '5140', '5140', 113),
(1342, '6160', '6160', 113),
(1343, '9140', '9140', 113),
(1344, '9150', '9150', 113),
(1345, '9160', '9160', 113),
(1346, '9170', '9170', 113),
(1347, '11180', '11180', 113),
(1348, '13180', '13180', 113),
(1349, '13190', '13190', 113),
(1350, '15160', '15160', 113),
(1351, '15180', '15180', 113),
(1352, '15190', '15190', 113),
(1353, '17190', '17190', 113),
(1354, '17210', '17210', 113),
(1355, '17220', '17220', 113),
(1356, '17230', '17230', 113),
(1357, '17250', '17250', 113),
(1358, '17280', '17280', 113),
(1359, '17300', '17300', 113),
(1360, '17310', '17310', 113),
(1361, '18310', '18310', 113),
(1362, '19320', '19320', 113),
(1363, '19330', '19330', 113),
(1364, '19360', '19360', 113),
(1365, '19420', '19420', 113),
(1366, '25420', '25420', 113),
(1367, '25360', '25360', 113),
(1368, '26280', '26280', 113),
(1369, '26420', '26420', 113),
(1370, '31330', '31330', 113),
(1371, 'Fh', 'fh', 114),
(1372, 'Fm', 'fm', 114),
(1373, 'Fmx', 'fmx', 114),
(1374, 'Nl', 'nl', 114),
(1375, 'Vm', 'vm', 114),
(1376, 'Bitren', 'bitren', 114);

-- --------------------------------------------------------

--
-- Estructura de tabla para la tabla `password_resets`
--

CREATE TABLE `password_resets` (
  `email` varchar(255) NOT NULL,
  `token` varchar(255) NOT NULL,
  `created_at` timestamp NULL DEFAULT NULL
) ENGINE=InnoDB DEFAULT CHARSET=utf8mb4 COLLATE=utf8mb4_unicode_ci;

-- --------------------------------------------------------

--
-- Estructura de tabla para la tabla `personal_access_tokens`
--

CREATE TABLE `personal_access_tokens` (
  `id` bigint(20) UNSIGNED NOT NULL,
  `tokenable_type` varchar(255) NOT NULL,
  `tokenable_id` bigint(20) UNSIGNED NOT NULL,
  `name` varchar(255) NOT NULL,
  `token` varchar(64) NOT NULL,
  `abilities` text DEFAULT NULL,
  `last_used_at` timestamp NULL DEFAULT NULL,
  `created_at` timestamp NULL DEFAULT NULL,
  `updated_at` timestamp NULL DEFAULT NULL
) ENGINE=InnoDB DEFAULT CHARSET=utf8mb4 COLLATE=utf8mb4_unicode_ci;

-- --------------------------------------------------------

--
-- Estructura de tabla para la tabla `roles`
--

CREATE TABLE `roles` (
  `id` bigint(20) UNSIGNED NOT NULL,
  `name` varchar(255) NOT NULL,
  `price` varchar(255) NOT NULL,
  `max_vehicles` int(11) NOT NULL,
  `created_at` timestamp NULL DEFAULT NULL,
  `updated_at` timestamp NULL DEFAULT NULL
) ENGINE=InnoDB DEFAULT CHARSET=utf8mb4 COLLATE=utf8mb4_unicode_ci;

--
-- Volcado de datos para la tabla `roles`
--

INSERT INTO `roles` (`id`, `name`, `price`, `max_vehicles`, `created_at`, `updated_at`) VALUES
(1, 'Particular', '0', 1, NULL, NULL),
(2, 'x10', '15000', 10, NULL, NULL),
(3, 'x50', '30000', 50, NULL, NULL),
(4, 'x120', '50000', 120, NULL, NULL);

-- --------------------------------------------------------

--
-- Estructura de tabla para la tabla `states`
--

CREATE TABLE `states` (
  `id` bigint(20) UNSIGNED NOT NULL,
  `name` varchar(255) NOT NULL,
  `slug` varchar(255) NOT NULL
) ENGINE=InnoDB DEFAULT CHARSET=utf8mb4 COLLATE=utf8mb4_unicode_ci;

--
-- Volcado de datos para la tabla `states`
--

INSERT INTO `states` (`id`, `name`, `slug`) VALUES
(1, 'Capital Federal', 'capital-federal'),
(2, 'Bs. As. Gba Norte', 'bs-as-gba-norte'),
(3, 'Bs. As. Gba Oeste', 'bs-as-gba-oeste'),
(4, 'Bs. As. Gba Sur', 'bs-as-gba-sur'),
(5, 'Buenos Aires Interior', 'buenos-aires-interior'),
(6, 'Catamarca', 'catamarca'),
(7, 'Chaco', 'chaco'),
(8, 'Chubut', 'chubut'),
(9, 'Cordoba', 'cordoba'),
(10, 'Corrientes', 'corrientes'),
(11, 'Entre Rios', 'entre-rios'),
(12, 'Formosa', 'formosa'),
(13, 'Jujuy', 'jujuy'),
(14, 'La Pampa', 'la-pampa'),
(15, 'La Rioja', 'la-rioja'),
(16, 'Mendoza', 'mendoza'),
(17, 'Misiones', 'misiones'),
(18, 'Neuquen', 'neuquen'),
(19, 'Rio Negro', 'rio-negro'),
(20, 'Salta', 'salta'),
(21, 'San Juan', 'san-juan'),
(22, 'San Luis', 'san-luis'),
(23, 'Santa Cruz', 'santa-cruz'),
(24, 'Santa Fe', 'santa-fe'),
(25, 'Santiago Del Estero', 'santiago-del-estero'),
(26, 'Tierra Del Fuego', 'tierra-del-fuego'),
(27, 'Tucuman', 'tucuman');

-- --------------------------------------------------------

--
-- Estructura de tabla para la tabla `users`
--

CREATE TABLE `users` (
  `id` bigint(20) UNSIGNED NOT NULL,
  `name` varchar(80) NOT NULL,
  `email` varchar(255) NOT NULL,
  `email_verified_at` timestamp NULL DEFAULT NULL,
  `password` varchar(255) DEFAULT NULL,
  `remember_token` varchar(100) DEFAULT NULL,
  `created_at` timestamp NULL DEFAULT NULL,
  `updated_at` timestamp NULL DEFAULT NULL,
  `slug` varchar(85) NOT NULL,
  `phone` char(13) DEFAULT NULL,
  `whatsapp` char(13) DEFAULT NULL,
  `external_id` varchar(255) DEFAULT NULL,
  `external_auth` varchar(255) DEFAULT NULL,
  `state_id` bigint(20) UNSIGNED DEFAULT NULL,
  `district_id` bigint(20) UNSIGNED DEFAULT NULL,
  `city_id` bigint(20) UNSIGNED DEFAULT NULL,
  `role_id` bigint(20) UNSIGNED NOT NULL
) ENGINE=InnoDB DEFAULT CHARSET=utf8mb4 COLLATE=utf8mb4_unicode_ci;

--
-- Volcado de datos para la tabla `users`
--

INSERT INTO `users` (`id`, `name`, `email`, `email_verified_at`, `password`, `remember_token`, `created_at`, `updated_at`, `slug`, `phone`, `whatsapp`, `external_id`, `external_auth`, `state_id`, `district_id`, `city_id`, `role_id`) VALUES
(1, 'Josias Castro', 'josiascastro2003@gmail.com', NULL, '$2y$10$AcgWWP0DyP8L0tOj3WMFiub5Pf7XwQwdsK5nRL5LSANKBMmyjQYpm', NULL, '2025-02-09 21:14:05', '2025-02-09 21:14:05', 'josias-castro', NULL, NULL, NULL, NULL, 1, NULL, 1, 1);

-- --------------------------------------------------------

--
-- Estructura de tabla para la tabla `vehicles`
--

CREATE TABLE `vehicles` (
  `id` bigint(20) UNSIGNED NOT NULL,
  `title` varchar(80) NOT NULL,
  `slug` varchar(85) NOT NULL,
  `price` int(11) NOT NULL,
  `year` int(11) NOT NULL,
  `mileage` int(11) NOT NULL,
  `description` longtext DEFAULT NULL,
  `fuel_id` bigint(20) UNSIGNED DEFAULT NULL,
  `category_id` bigint(20) UNSIGNED NOT NULL,
  `brand_id` bigint(20) UNSIGNED DEFAULT NULL,
  `model_id` bigint(20) UNSIGNED DEFAULT NULL,
  `user_id` bigint(20) UNSIGNED NOT NULL,
  `created_at` timestamp NULL DEFAULT NULL,
  `updated_at` timestamp NULL DEFAULT NULL
) ENGINE=InnoDB DEFAULT CHARSET=utf8mb4 COLLATE=utf8mb4_unicode_ci;

--
-- Volcado de datos para la tabla `vehicles`
--

INSERT INTO `vehicles` (`id`, `title`, `slug`, `price`, `year`, `mileage`, `description`, `fuel_id`, `category_id`, `brand_id`, `model_id`, `user_id`, `created_at`, `updated_at`) VALUES
(1, 'Sit expedita sit aut.', 'sit-expedita-sit-aut', 91629369, 1999, 796430, 'Sit maxime error cum. Et voluptatem quisquam officia eos. Nisi aliquam tempora nobis assumenda dolorum facere incidunt. Sint quas quod quia eum rerum. Delectus excepturi ut porro fuga dolorem. Nihil culpa itaque cumque est laboriosam non. Eum non earum est vel et mollitia. Sit et quas vel asperiores qui aperiam sit. Dicta consequatur quibusdam temporibus nesciunt. Hic quod in autem quia nulla. Aut modi necessitatibus nihil exercitationem fuga odio occaecati. Aut vero distinctio quae similique sit. Sed dolores id autem nisi dolorem deserunt non. Distinctio quam sit soluta minus neque asperiores. Eveniet nemo et animi et qui. Nisi nulla nemo molestiae voluptatum asperiores ex sint. Sed non natus libero iure. Hic at et error. Non iste nisi voluptatem molestiae consequuntur dignissimos quia. Facere eos vero voluptate possimus amet est assumenda. Iusto eligendi quia sed et sit. In aliquam at consectetur nihil non possimus fuga. Amet quis ut eos eligendi. Provident est omnis doloremque voluptas. Nihil officiis quae eveniet et. A sint impedit ex quis. Aut ut sunt consequatur. Soluta quidem sunt aut ut non velit. Adipisci hic dolorum qui ex. Voluptatum qui enim consequatur soluta ipsa perferendis. Dicta laborum porro accusantium modi earum. Sit delectus veritatis expedita corrupti. Numquam corporis quo quo omnis doloremque aut aliquam. Similique sed aliquid id. Voluptas qui quia ut at magni. Alias eos voluptatem eius ipsam quis. Non quos recusandae atque nam autem id. Amet dolorem adipisci molestiae neque vel voluptas. Repellendus voluptates qui suscipit ut. Inventore qui rerum non tenetur nihil. Voluptatibus nam ut rerum quidem. Natus eveniet est tempore quo est laborum voluptas eius. Facilis quia consequatur molestiae consequuntur fugit hic. Odio sed illo molestiae in nam saepe ut. Minus veniam est in ullam aut. Dolore ad itaque illum recusandae vitae. Deserunt similique ea sed voluptas sint molestiae. Hic omnis autem ut at aut id modi. Quasi ullam itaque ducimus.', 4, 4, NULL, NULL, 1, '2025-02-09 21:14:08', '2025-02-09 21:14:08'),
(2, 'Cumque modi ut soluta pariatur reiciendis et.', 'cumque-modi-ut-soluta-pariatur-reiciendis-et', 4915941, 2011, 349592, 'Harum qui consequatur asperiores voluptatem quia esse. Consequatur omnis corrupti iusto tempore reprehenderit quidem eius similique. Aliquam maiores qui ut reiciendis quia voluptatem. Maxime aspernatur totam sit eveniet sed. Delectus nobis maiores quia doloribus temporibus ullam aliquam. Quo earum blanditiis ut corrupti odio officiis odio iste. Optio fugiat explicabo saepe nulla aut est. Et blanditiis ratione voluptas cumque ipsam. Et sunt blanditiis ea provident. Et sint architecto qui et saepe expedita quas. Expedita consectetur consequatur laboriosam aut voluptas. Sit quo consequatur est nostrum et alias sed. Architecto iste et praesentium sunt. Quidem nisi voluptas in omnis esse non. Ut at dolor unde dolor sequi voluptatem. Laudantium consequuntur sed deleniti eveniet est consectetur laudantium. Veritatis commodi commodi dolore assumenda alias. Voluptas officia qui assumenda. Soluta quos vel quas fuga. Laborum nihil alias modi labore quo voluptas cumque. Voluptatum illum optio impedit optio. Qui dolorem voluptatem fuga. Impedit aut ratione modi. Commodi et minima voluptatibus eius. Adipisci nihil expedita accusamus officiis facilis iste magni. Rem a possimus voluptas facilis itaque maxime laudantium dolore. Ut assumenda aliquam sequi incidunt omnis quod ut. Dolor et iure maxime perspiciatis id. Voluptas rerum consequuntur esse. Architecto laboriosam sequi nostrum et consequatur. Qui a et molestiae ex et neque dicta. Dolores sunt quis excepturi quia minima. Vitae vel consequatur deserunt enim ipsam fugiat itaque. Fugiat sint ea cum expedita. Libero ratione et et repellat fuga perspiciatis voluptas. Quia totam soluta cupiditate. Sit qui sit rem dolor. Nihil qui mollitia voluptatem officiis libero aperiam est iusto. Temporibus in ullam ut ratione consequatur necessitatibus. Officiis nihil nulla nihil labore et et voluptas. Autem enim aut vel quisquam sed facere error.', 2, 6, NULL, NULL, 1, '2025-02-09 21:14:08', '2025-02-09 21:14:08'),
(3, 'Eius iusto fuga necessitatibus doloremque incidunt nostrum est.', 'eius-iusto-fuga-necessitatibus-doloremque-incidunt-nostrum-est', 66947250, 1975, 983493, 'In voluptatem earum natus. Aspernatur ut et dolores est. Porro reprehenderit eligendi dolorum laudantium consequuntur possimus. Voluptatem aut et veniam quod ea commodi ipsum. Architecto et deserunt maiores voluptatibus sit qui. Veniam consequatur quis ut omnis enim molestiae. Ex id inventore ipsam. Assumenda eligendi et ad sed sunt distinctio. Qui numquam molestias sunt quasi eveniet ea. Quos mollitia dignissimos maxime cupiditate. Quo inventore et velit minima omnis ad. In error porro quasi fugiat repellendus in. Magni iusto minima non sit enim minima. Minus magnam rerum est maiores aut eveniet. Ut a et qui sint adipisci et. Consequatur officiis consequatur at ut aut nobis maxime. Consectetur vel dolores et eaque enim natus. Ab debitis rerum laboriosam laudantium id aut. Est delectus animi eum dolor. Nisi sit omnis sint in. Molestias vitae qui autem sed voluptates commodi. Enim quaerat optio quibusdam aut. Maiores sit ad voluptas corrupti consequatur eum. Rerum quae asperiores molestiae. Quisquam quos sapiente eum nesciunt voluptates aut. Ab fuga qui soluta repudiandae. Debitis amet dolor enim. Eligendi esse quo libero ad accusantium aperiam vel illum. Ut est ipsa aliquam error aut vel nam. Delectus ex autem nulla nesciunt vero repudiandae. Tempore tempore doloremque ratione quibusdam cumque. Expedita maiores illo sint at. Nulla voluptates ut quisquam alias. Cum hic perferendis tempore omnis voluptas. Ratione quidem deleniti in eligendi optio. Hic sed perferendis voluptas. Est numquam at et aut eos sit. Modi perspiciatis ipsa voluptate consequuntur asperiores dolorem ipsam. Et temporibus odit molestias eveniet. Est omnis voluptatem in et distinctio omnis dicta. Velit quas illum dolorem sunt ipsum. Velit eligendi ut laboriosam accusantium hic. Ullam asperiores consequuntur quasi. Possimus nihil minima doloribus omnis veritatis quia repudiandae. Ut inventore voluptatibus et incidunt laborum doloribus. Animi consequuntur temporibus rerum dolorem.', 1, 6, NULL, NULL, 1, '2025-02-09 21:14:08', '2025-02-09 21:14:08'),
(4, 'Est tempora pariatur possimus possimus.', 'est-tempora-pariatur-possimus-possimus', 26698670, 1996, 52446, 'Qui quia quasi sed hic. Possimus rerum aut aut repudiandae soluta. Odit eum ullam rerum maxime. Molestiae quas eum velit voluptas quia. Ut numquam laboriosam voluptatem fuga. Harum asperiores aut libero omnis laudantium vel ea vel. Saepe adipisci repellat veritatis aut provident eum. Veniam reiciendis maxime officiis atque. Rem illo consequatur neque nulla et voluptatibus voluptate. Illo ut iste ducimus mollitia ut eum. Ratione praesentium est unde quod mollitia asperiores non. Accusantium qui odit sed nam architecto et error. Sed architecto voluptates eveniet molestias. Provident asperiores pariatur alias unde dolorum enim velit amet. Modi incidunt mollitia voluptatum numquam. Blanditiis quia ea accusantium. Eos quae consequatur laborum reiciendis et mollitia. Beatae deleniti exercitationem qui quos. Quia laborum blanditiis consequatur non. Ut eum atque sequi adipisci minima dolorem dolor omnis. Quis sapiente autem nulla a itaque voluptas quibusdam perspiciatis. Dolore animi quis voluptatum alias tenetur suscipit ex. Voluptas magnam velit sit dolores magnam. Laboriosam neque autem odio. Nobis quis illo magnam fuga recusandae nostrum non. Voluptates qui sit cum soluta. Dolor cum sed molestiae ducimus voluptas vero ipsa expedita. Fuga eveniet ipsa et eos. Quod et qui eligendi enim quisquam rem cum qui. Reiciendis amet et optio. Nisi qui aut veniam vel ut quis delectus. Ea et perspiciatis inventore. Labore neque rerum minus ut dolor quia rem doloribus. Esse pariatur ducimus omnis officiis officia deleniti. Eligendi aliquam ad quia sed voluptatibus consequatur cum. Nobis neque maxime provident omnis molestias at est. Odio unde aut vel facilis aliquid. Et quaerat sint rem recusandae omnis voluptate odit. Quidem odio rerum delectus sed. Alias et nobis ut quis laborum. Dolorem sit eum voluptas a ipsum doloremque vel laborum. Est ullam quis excepturi vel.', 1, 6, NULL, NULL, 1, '2025-02-09 21:14:08', '2025-02-09 21:14:08'),
(5, 'Deleniti amet commodi est fugiat.', 'deleniti-amet-commodi-est-fugiat', 11994465, 2007, 75048, 'Cum autem ipsa mollitia nostrum. Voluptatibus tempore pariatur eum est perspiciatis id non. Esse eos aut quaerat debitis et. Soluta aut non ea nam dolores ad qui. Eos explicabo aut ducimus praesentium. Qui natus sunt provident dignissimos. Eveniet veritatis ea eos ullam voluptatem inventore. Doloribus qui autem iste alias deleniti quo in. Nam molestiae deserunt numquam eum corporis debitis nobis sint. Aut voluptate repellat ut adipisci ea culpa doloribus sunt. Vel minus dolor enim voluptas commodi itaque. Voluptatibus nihil sequi neque soluta corrupti. Ut corrupti impedit ipsa dolor nam est molestiae. Aut assumenda quae occaecati quae blanditiis in a. Nihil cupiditate et iure deserunt dolores qui. Et non est earum. Aliquid deserunt voluptatem quia quia asperiores molestias aliquam. Error occaecati mollitia autem incidunt consequatur aut consequatur. Similique maxime autem et non sunt eius. Hic sit ducimus voluptatum sint id. Delectus odit est sunt consequatur qui laudantium. Qui hic eveniet quidem incidunt dolorum aut. Et iure nemo ea quae. Fugiat eveniet error odio fugiat neque. Laudantium fugit nesciunt natus. Provident consequatur dolorum ut facilis cum repudiandae. Provident nulla deleniti reprehenderit qui harum accusantium labore. Atque corporis molestias et reprehenderit dolore exercitationem. Quae veniam minima vel. Recusandae culpa autem in. Voluptate voluptatem quia autem quidem nihil aut numquam. In libero quisquam numquam laudantium. Possimus fuga ut animi quisquam et. Qui quae qui quas vitae rem. Perspiciatis quae corporis hic cupiditate debitis et incidunt velit. Odio quo id perspiciatis quis et voluptatum qui repellat. In quo sit suscipit ut accusamus. Dicta excepturi nisi praesentium illo qui. Enim delectus harum repellendus vero. Id inventore omnis aperiam laboriosam perspiciatis aliquam voluptatem tempora. Rerum a libero in maiores praesentium. Necessitatibus omnis ad ad officia maiores illum a.', 3, 5, NULL, NULL, 1, '2025-02-09 21:14:08', '2025-02-09 21:14:08'),
(6, 'Ratione beatae aut iusto eum sed.', 'ratione-beatae-aut-iusto-eum-sed', 51139888, 2004, 488602, 'Facilis voluptatem aspernatur quia aut ratione dolores optio magni. Assumenda nostrum nam delectus ut quia. Qui nesciunt est soluta maxime rerum velit qui. Id voluptate voluptas ea et. Autem eum ut molestias enim quas distinctio dolorem. Doloribus amet et expedita atque. Deserunt ipsum vel temporibus nobis qui quidem. Aperiam rerum necessitatibus eius eum. Temporibus laboriosam nulla ut sint numquam corrupti. Officia minus enim ut eos. Qui et quasi tempora. Labore nesciunt doloremque animi quia exercitationem labore. Molestias voluptas quae vel quo repellendus voluptatem. Odio distinctio aut aut ex necessitatibus similique ut. Dolore similique sit officiis in ea quam vero. Architecto vel quidem ipsa eum. Praesentium fugiat placeat dolorum culpa. Aut consectetur quasi aliquid quae. Voluptatum qui ducimus quis alias aliquam. Voluptate magnam minima omnis qui. Aliquid velit et itaque omnis rerum a architecto. Est dolore esse a ut veniam totam consectetur. Et non rerum repellat quia. Nobis placeat et autem id minima consequatur. Cupiditate repudiandae laborum et. Quia quisquam officiis itaque earum. Sint velit voluptatem dolores aut. Sit ut repudiandae tempora repellat laboriosam. Excepturi et iste dolorum dolor cupiditate reprehenderit. Omnis placeat ratione animi tenetur cupiditate adipisci. Fugit eveniet est autem. Illo ratione eaque ullam. Reprehenderit alias eius qui id ex eligendi sit. Esse aut quos error iure nulla minus nihil. Sunt est repellendus est vero. Dolorum accusantium et et deserunt sit. Adipisci atque illo ab minima. Omnis dicta animi voluptates hic. Beatae in quo voluptatem at molestiae minima. Est quia quidem molestiae voluptas. Labore nobis asperiores accusantium eum veniam sed et cumque. Quos autem fuga qui iste atque. Quia quis consequatur minus assumenda ad. Ut maxime qui rem quam modi eveniet et minus. Voluptas aut autem impedit et illum.', 3, 2, NULL, NULL, 1, '2025-02-09 21:14:08', '2025-02-09 21:14:08'),
(7, 'Dolorem fuga ab voluptatem ad perferendis velit aliquid.', 'dolorem-fuga-ab-voluptatem-ad-perferendis-velit-aliquid', 98456611, 1975, 85875, 'Temporibus hic neque dolores ut id est. Reprehenderit sed aut laudantium cupiditate et molestiae. Id unde nulla nobis magnam. Repudiandae maxime adipisci distinctio vero nobis fugiat voluptatibus quo. Et expedita aut pariatur asperiores corrupti atque. Omnis quo vel maxime eaque ut et. Ea cumque odit saepe dolores voluptatibus excepturi autem voluptas. Cum dignissimos placeat culpa laboriosam. Temporibus et repellendus quod quaerat qui. Laboriosam et tempora nam blanditiis illo corrupti. Voluptas quod iure sequi inventore ut. Perspiciatis non dolores et at delectus occaecati consequatur aperiam. Veritatis rem ullam voluptatem est illo dolorem. Odio ducimus reprehenderit reiciendis ea. Minus in nesciunt est et. Ut id fugiat qui porro. Deserunt dolores velit excepturi pariatur provident. In et nemo qui sed ullam ipsam reiciendis. Odit est voluptas voluptas aut quibusdam magni dolorem. Vel praesentium itaque occaecati blanditiis odit labore. Dignissimos illo id fugit voluptas. Ut tenetur delectus officiis. Tempore repudiandae molestiae doloremque. Et reprehenderit sequi et aliquam. Corrupti dolorem corrupti est fugiat recusandae autem quae. Qui ducimus incidunt in dolorem maxime repellendus vel. Dolore nesciunt necessitatibus iusto aut sed quas sunt doloremque. Aut et ut consequatur aut. Beatae est officia ipsam alias. Dolorem aut enim et est. Illum nemo aut ipsum amet reprehenderit ad architecto. Vel dolorum numquam et consequatur labore eos. Veritatis cupiditate sint sed. Incidunt ut expedita sit sequi nisi qui. Numquam at enim quos fugit. Ut quasi nobis fugiat omnis laborum sit quos. In ut sed minus omnis. Repellendus consequatur possimus dolorem autem ab. Unde voluptate ducimus voluptas sunt. Labore modi iusto aut nulla blanditiis velit. Eum sint esse totam ea ea facere laudantium. Occaecati eum et corporis dolor atque. Earum est quia ut cum velit. Officiis pariatur possimus aliquam rem nisi tempora.', 3, 5, NULL, NULL, 1, '2025-02-09 21:14:08', '2025-02-09 21:14:08'),
(8, 'Corrupti eveniet impedit qui quisquam.', 'corrupti-eveniet-impedit-qui-quisquam', 39884496, 2018, 4394, 'Deserunt temporibus dolor aspernatur similique. Vel accusantium voluptas voluptas quas. Suscipit numquam mollitia impedit totam qui. Amet atque vitae et quasi quis sed. Praesentium aut et et eius illo sunt voluptate. Qui dolores corrupti qui occaecati suscipit itaque rerum facere. Architecto est est laboriosam rerum. Deserunt reprehenderit est earum voluptatem suscipit. Omnis omnis fugiat maxime eaque et non. Animi non rem fugit ullam laborum. Nobis nihil veniam fuga qui voluptatem neque labore ut. Ut culpa harum distinctio iste. Autem nihil architecto ut magni blanditiis. Numquam animi ab sed nesciunt et. Fugit quia sunt unde nemo ullam commodi hic et. Illo rem ea animi vel. Distinctio aspernatur quo qui occaecati facere. Molestias dolor sed voluptatem sequi temporibus. Cum deserunt ea eum accusantium quae laborum non. Ad dolor veritatis qui sint enim quam. Veniam sequi aperiam cumque. Eum quasi sed et et dignissimos voluptatum similique. Ut sit natus ab non saepe pariatur. Voluptatem consequatur quas et praesentium adipisci quas possimus accusantium. Accusamus consectetur nulla in et. Voluptatum ipsa quam omnis qui. Hic sit sed quae laboriosam numquam modi. Ipsam omnis blanditiis quis sequi quia neque corrupti. Sed voluptate sunt dolores atque delectus eligendi quam exercitationem. Eum unde consequatur ad accusamus necessitatibus. Molestiae dolor blanditiis eaque dolorem. Nam aspernatur eaque quibusdam distinctio quia id nemo et. Maxime et illo molestiae excepturi sunt. Sed molestiae doloribus aut non velit. Dolor vero rerum maiores provident perferendis. Soluta tempore aspernatur quo eius eveniet ducimus fugit. Non adipisci architecto et qui nisi eius. Architecto vel praesentium nam odio. Odit eos harum et cumque laborum ex ex. Rem alias dolores quas et laboriosam animi. Nisi quae dolores ad omnis sint voluptate. Et debitis sunt fugit nisi ut. Quisquam veniam et modi facilis tempora. Repudiandae quia officia adipisci beatae enim adipisci.', 2, 2, NULL, NULL, 1, '2025-02-09 21:14:08', '2025-02-09 21:14:08'),
(9, 'Est et ullam autem sequi commodi eum amet quas.', 'est-et-ullam-autem-sequi-commodi-eum-amet-quas', 25731754, 1987, 80265, 'Blanditiis maiores nihil quia unde adipisci corrupti. Consequatur ea neque consequuntur et rerum doloremque ducimus velit. Incidunt quos quisquam aut. Est rerum exercitationem ea maiores nesciunt. Nihil ea ut sed. Asperiores ut dicta aut modi quod tempora nobis. Tenetur nihil vero sint et autem eum fugit. Possimus id voluptatem et voluptatum rerum praesentium repellendus ea. Voluptate ducimus magnam consequatur commodi. Adipisci magnam quia et et cumque. Facilis et aut debitis optio ullam labore nihil. Explicabo voluptatem beatae at iste assumenda enim. Voluptatem ut consectetur quaerat corporis quia minima et voluptatem. Quas et sequi hic ut nemo maxime velit. Quaerat qui tempore aperiam ducimus et. Sint porro praesentium rerum doloribus explicabo fuga molestiae. Sed et atque corporis voluptates. Quis et vel pariatur quaerat labore vero consequatur. Vel eveniet consequuntur asperiores ex blanditiis id modi non. Occaecati non cum quas vitae accusantium consequatur ipsum. Ut qui aliquam rem. Reiciendis est eum expedita numquam architecto ut. Atque sed minima fugit aut voluptatem nostrum. Autem eum provident vel veritatis atque itaque. Dolorum nam maxime nesciunt rerum sit. Molestiae autem quae ipsam itaque accusantium voluptatibus cupiditate. Id accusamus veniam perferendis ad. Ut quae ut assumenda ipsa. Quos dignissimos odio nam ad sunt aperiam. Asperiores aut praesentium earum ut quia quo earum. Voluptas id aliquid unde eum unde suscipit id. Eligendi autem nihil consequatur. Facere quaerat sit commodi adipisci. Esse porro et modi qui suscipit a. Nostrum vel dolore quis quo fugit vero. Nostrum labore accusamus tempora consequuntur. Ut unde perferendis possimus vel. Tempora aliquid unde voluptas explicabo quidem. Et quod et totam atque natus cumque tenetur. Qui accusantium ut voluptas porro numquam. Nemo nisi quae aspernatur ad. Explicabo optio alias at nobis ullam quo assumenda.', 2, 5, NULL, NULL, 1, '2025-02-09 21:14:08', '2025-02-09 21:14:08'),
(10, 'Tempora error a dignissimos et minima.', 'tempora-error-a-dignissimos-et-minima', 15369792, 2016, 425652, 'Sit dolores voluptatem perspiciatis saepe a ipsam. Autem sequi aut ad aut enim. Voluptatem delectus autem laboriosam voluptas labore velit asperiores. A id et rem adipisci. Quo deserunt atque optio. Repellat sequi voluptatem ut aut modi. Atque exercitationem eos aperiam error incidunt. Quisquam atque sit voluptatem qui vitae. Distinctio hic reprehenderit velit optio magni. Minima culpa modi natus perspiciatis labore. Blanditiis aut rerum molestiae eum enim nisi sunt. Quo qui voluptatem quibusdam tempore. Enim quas ullam consequatur asperiores. Rerum sed dolorum distinctio blanditiis maxime nesciunt. Nostrum aut eius et animi sit. Rerum aspernatur quis odio perspiciatis excepturi sint veritatis blanditiis. Qui debitis et eaque modi ea sit. Quod quam ratione fugit vel asperiores harum. Ipsum laboriosam rerum atque veniam facilis aliquid magni qui. Et eos pariatur maxime. Error voluptatem quis qui excepturi. Quibusdam dolorem at sapiente iusto maiores omnis vitae. Ipsa quibusdam repudiandae est amet. Saepe dolorum repellat dignissimos minima soluta rerum non est. Velit repudiandae dicta eum consequatur. Nemo eos quis dolorem consequatur voluptatum quis quos. Sed ex quia eum et porro. Accusantium similique impedit illo labore debitis ratione. Et sunt necessitatibus debitis perferendis asperiores rerum. Neque ex minus at nulla earum. Provident porro id nam et. Ipsa modi et ad architecto quaerat hic. Quisquam voluptatem facilis provident et natus. Facilis eos vero modi. Sed ut quia fugit sed quis. Et vero voluptas voluptatibus aspernatur ducimus omnis. Soluta sit et reiciendis quis qui temporibus ducimus. Eum tenetur illo qui dolor architecto ex vel dicta. Deserunt aut sint harum at qui. Autem pariatur fugiat dicta et quibusdam facilis ut. Facere similique eveniet maxime fugit molestiae nesciunt laudantium. Nisi qui excepturi explicabo repellat. Maiores quo in perferendis molestiae occaecati consequatur et est. Provident dicta quam in corrupti in iste quia et.', 2, 2, NULL, NULL, 1, '2025-02-09 21:14:08', '2025-02-09 21:14:08'),
(11, 'Vitae totam repellat explicabo sequi delectus exercitationem.', 'vitae-totam-repellat-explicabo-sequi-delectus-exercitationem', 23921802, 1991, 59974, 'Blanditiis architecto esse soluta. Distinctio est facilis dolores et eaque consequatur. Autem sed alias et aut. Reiciendis ipsam excepturi assumenda odit numquam officia ullam. Aut corrupti qui ullam sit enim nostrum. Vel suscipit aut accusantium maxime. Ipsa vero ad deserunt illo rerum doloribus. Suscipit voluptatem expedita omnis nobis harum dolore qui beatae. Et ex doloremque sed nesciunt esse et sequi. Autem quia itaque impedit. Totam nemo laborum dolore et quasi. Consequatur quis error non expedita tempore magnam. Recusandae sit quam adipisci et autem. Voluptatem animi temporibus sapiente voluptatem ea. Enim aut animi omnis nulla cumque. Sit cupiditate sed architecto. Quod illum soluta sequi est est occaecati. Sit id voluptatum ratione dolor sit non quis. Et voluptas reprehenderit ut eligendi. Animi qui necessitatibus praesentium esse consequuntur voluptatem. Molestiae adipisci optio omnis ut aut optio placeat. Non qui est fugiat iusto. Alias sit nihil non ducimus nostrum animi. Ex quas ut reiciendis voluptas recusandae aliquid. Incidunt quia omnis et. Molestias voluptas dolorum ducimus hic esse dolores nam. Quia veniam optio fugiat magnam dignissimos. Ipsum labore sit sint. Quasi aliquam sunt officiis. Velit dolorem animi aut. Eligendi expedita eum ad et voluptas. Minus doloribus aut qui in voluptatem. Nulla error sint similique quibusdam. Qui et quis saepe maiores. Quam quia blanditiis similique dolor et voluptas voluptatum. Qui aut ut voluptatibus sequi aut autem. Ea voluptatibus libero eos voluptas asperiores hic praesentium. Temporibus est numquam consequatur voluptate voluptas ab occaecati. Numquam perspiciatis esse nihil aut et ea. Qui quia omnis vel eum ut ut voluptatem. Consequatur consectetur enim aut ea. Et omnis asperiores odio molestiae. Quae sed quaerat deleniti adipisci non blanditiis optio aliquam.', 3, 3, NULL, NULL, 1, '2025-02-09 21:14:08', '2025-02-09 21:14:08'),
(12, 'Facilis nam aut nemo earum.', 'facilis-nam-aut-nemo-earum', 73124, 2002, 547467, 'Ipsa omnis ut quo. Corrupti reiciendis laboriosam et reprehenderit veritatis consectetur. Sit sed exercitationem dolorum veniam nihil hic. Voluptatibus aperiam voluptas libero est. Numquam incidunt non error eius cupiditate inventore. Nihil occaecati inventore id totam dicta non. Id ea quod vero voluptas. Eum dicta dolor natus tempore impedit qui. Eum et eum ut. Quas sint omnis eaque minima quibusdam voluptate rerum. A aut quia ut facere. Velit officiis eligendi temporibus ut voluptas aut aut soluta. Velit sed commodi quod corrupti. Dolorem laboriosam veniam deserunt omnis est incidunt blanditiis. Similique temporibus aspernatur cumque aliquam neque. Dignissimos dolore facilis dolores in deserunt quia impedit et. Odio est rerum laborum voluptatem voluptatem animi. Facilis et distinctio reiciendis voluptatem debitis natus deleniti. Reprehenderit minus maiores eligendi voluptate recusandae aperiam. Nihil recusandae et aut omnis quia. Blanditiis et rerum dolorem omnis. Recusandae aut provident dolor architecto neque. Dolorem odio enim porro temporibus aperiam ut. Quis tenetur veritatis atque harum. Suscipit quasi quas qui reprehenderit. Omnis aut culpa laborum expedita eaque laudantium. Perferendis dolores perferendis rerum qui dolorem. Quis impedit et reprehenderit qui sint doloremque optio. Alias adipisci non esse reprehenderit reiciendis. Sint sit nobis debitis nulla voluptas ex autem accusamus. Autem dolorem enim distinctio aspernatur dicta sequi minus. Neque temporibus et porro expedita nihil voluptas doloribus. In ut aut asperiores inventore. Et iste dolorum eveniet quidem velit et. Et est similique omnis eum laborum id quae. Voluptas accusamus at ad autem praesentium. Earum deserunt consequatur quisquam natus. Non dolor et et voluptatem laudantium fugit laborum. Quia minima perspiciatis aspernatur eum. Esse rerum dolorem sint iusto facere quia in. Numquam voluptas a qui. Corrupti dolor tenetur rerum odio est non. Culpa eveniet sit nam optio rem ratione.', 1, 3, NULL, NULL, 1, '2025-02-09 21:14:08', '2025-02-09 21:14:08'),
(13, 'Id nisi sit eum sit quam temporibus sunt qui.', 'id-nisi-sit-eum-sit-quam-temporibus-sunt-qui', 7199227, 1959, 552424, 'Amet fuga libero voluptatem harum blanditiis quae. Et unde suscipit est corrupti quia nobis. Voluptates itaque est aspernatur nulla illum. Qui quis harum aut modi perferendis totam ut. Aliquam accusamus sed qui fugit id voluptas. Modi fuga numquam est porro aut voluptas et. Laboriosam ducimus modi eum qui suscipit quasi. Eius sit repudiandae vitae aut. Eum consequatur quis totam commodi. Consequatur reprehenderit velit numquam aut quia. Temporibus beatae et occaecati nostrum. Qui sit sunt harum perferendis sunt et voluptatem. Cumque quae voluptate voluptatem perspiciatis unde molestiae dolorem praesentium. Non vitae cum dicta. Dolorem architecto sequi et numquam voluptatem velit eveniet. Dolorum temporibus aut deserunt voluptatem ratione autem et esse. Eum provident aut est laudantium voluptas ut. Qui quo molestias iste ea nobis. Aliquid minus est omnis exercitationem. Ut sed quod facilis magnam et architecto ipsum. Dolorem eius omnis quidem ab harum quos. Consequuntur qui saepe laborum nihil perferendis voluptas nihil. Ea blanditiis quaerat explicabo cum. Laudantium nam quia qui officia. Dolore aut in ipsa ut excepturi qui eum. Accusantium corrupti tenetur ullam et assumenda. Explicabo eum qui et qui. Dolor sed aperiam vitae sint libero consequatur. Atque facilis suscipit exercitationem eos eaque at. Omnis voluptatem reprehenderit aliquid fuga hic et. Vitae et quam eaque consequatur illum eaque ut. Accusantium delectus deleniti magnam iste labore. Qui placeat similique et omnis ea iusto. Eum adipisci asperiores ut animi minima. Ut fuga explicabo sit natus ad enim recusandae corporis. Optio iure velit eum ad quo. Voluptas nulla veritatis enim minima esse quia error. Enim molestiae deleniti dignissimos quo animi eos voluptatum quis. Qui eum debitis nulla qui. Et autem assumenda aut quam repellendus et reprehenderit. Totam voluptas itaque sit. Incidunt possimus et a debitis nobis perferendis harum. Eligendi ab magnam magnam ut. Suscipit ut quisquam est libero.', 4, 6, NULL, NULL, 1, '2025-02-09 21:14:08', '2025-02-09 21:14:08'),
(14, 'Voluptate quas voluptate expedita dolorum voluptas.', 'voluptate-quas-voluptate-expedita-dolorum-voluptas', 22797060, 1998, 611663, 'Quidem quis aut tempora qui doloribus sunt laborum omnis. Aperiam fugit consequatur illum quasi. Voluptatem placeat aliquam in. Dolorem soluta praesentium ad. A at quibusdam excepturi est. Incidunt quia eos et aut et in et. Dolore maiores harum quia est laudantium facere. Alias omnis nisi natus sunt nesciunt. Asperiores enim aut laborum consequatur repellendus ducimus quia amet. Maxime nesciunt et in rerum mollitia voluptate. Itaque enim odit sit ea perspiciatis consectetur. Similique enim unde incidunt occaecati qui est. Fugit repellendus ea non aut voluptatem rem. Reprehenderit sunt quod ut a. Perferendis exercitationem vel dolores voluptatem ut at voluptatem. Laborum voluptatem ut voluptates eligendi voluptatem laboriosam. Repudiandae esse laboriosam veritatis officia sint sed. Doloremque assumenda quo perferendis suscipit doloremque. Sapiente praesentium et temporibus aperiam non doloribus. Illum illo qui non veniam. Beatae autem qui temporibus recusandae et non. Et optio dolor praesentium laboriosam dolorem itaque dolor. Nam officia nihil quia vitae. Officia et aut ipsam sed nemo quae. Rerum quaerat facere incidunt corrupti et atque. Velit quia dolorem rem et est. Cumque consequatur ut laborum qui distinctio repellat. Beatae sit commodi in voluptates. Qui laboriosam qui non suscipit perferendis exercitationem. Omnis ut eveniet numquam sunt quo. Perferendis dolores omnis quo est. Dolor fugit deleniti voluptas velit aliquam perspiciatis. Non vitae dolores voluptatem voluptas. Recusandae repellendus facere repudiandae reprehenderit architecto aliquid. Laborum occaecati numquam facilis cum. Omnis illo quidem eum iste nam est et. Eos et earum consequuntur. Ipsa dicta est hic labore quod. Aspernatur minus qui ut repellat. Aliquid aut exercitationem possimus tenetur deserunt et sapiente dicta. Ipsam aut quidem deserunt et aperiam. Qui laudantium eligendi est. Tenetur voluptatem esse sed vel qui similique recusandae. Et quod eum ut voluptatem consectetur.', 4, 3, NULL, NULL, 1, '2025-02-09 21:14:08', '2025-02-09 21:14:08'),
(15, 'Qui molestiae autem accusantium repellat dolorum.', 'qui-molestiae-autem-accusantium-repellat-dolorum', 59598490, 1953, 931809, 'Qui fugit iste deleniti dolor tempora. Est hic voluptates qui ut et et eaque dolor. Corrupti deserunt aut est error a quasi. Porro dicta tempore facere eveniet quisquam. Ipsum officiis eligendi amet quia est tempora rerum. Rerum temporibus nobis optio eum veritatis minus nostrum. Non eligendi maiores facilis tempora dolor. Qui officia et eius et. Ipsa ullam eveniet minus voluptatem. Iste expedita soluta cupiditate quasi quia ad. Dolorum natus tenetur maxime laboriosam culpa tenetur. Cum ea magni voluptatibus quam id temporibus voluptatibus. Sint et fugiat alias quod nostrum. Sed labore totam ipsa ut magnam. Pariatur quos molestias veniam sunt nihil totam voluptatem numquam. Eveniet qui amet laborum ut et et et. Ea sunt aperiam rerum qui velit quos. Rerum sequi porro asperiores autem omnis. Facilis sed nemo eligendi id. Aut in expedita aut vel earum quae. Et dolorum ad nesciunt quam assumenda eum non aliquid. Nulla aliquam soluta laboriosam ut nemo incidunt. Minus alias molestiae ad modi. Voluptatem dolore nisi facere voluptas. Ea totam iste incidunt earum quia molestias. Beatae provident iure quia quia voluptates repellendus eum. Omnis velit qui cupiditate temporibus. Iure et beatae numquam expedita eveniet non. Et consequatur sunt aut totam iste ut temporibus. Ea consequuntur in sapiente nemo quae recusandae ut. Velit atque voluptate veniam eaque autem consectetur nihil numquam. Eos nostrum repudiandae tempora libero omnis dolorem soluta. Cum culpa incidunt natus ex neque aut. Consequuntur corrupti voluptas molestiae non. Est blanditiis voluptas maxime accusamus nam. Facere et illum aliquam accusamus omnis rem. Doloribus sequi ipsa assumenda aliquam esse. Molestiae amet error eum a dicta fugiat qui. Accusamus explicabo labore sint deleniti dignissimos quo. Sunt exercitationem ea doloribus dolore laboriosam voluptates voluptas et. Voluptatem quo nostrum animi qui minima quia mollitia. Unde iure esse tempore consequatur pariatur et. Aut doloribus aut rem explicabo.', 2, 3, NULL, NULL, 1, '2025-02-09 21:14:08', '2025-02-09 21:14:08'),
(16, 'Alias qui optio fuga dolorem minus aut assumenda voluptatum.', 'alias-qui-optio-fuga-dolorem-minus-aut-assumenda-voluptatum', 94085468, 2017, 139835, 'Est commodi quos rerum. Repellat dolores et et ullam consectetur natus veniam aut. Accusamus minima est dolorem in quo qui. Nobis quidem perferendis eos amet molestias. Consequatur modi sed molestiae nihil optio sint est labore. Alias asperiores maiores totam fugiat. Hic voluptatem eveniet non odio. Pariatur veniam ut ut tempora. Ut ab similique excepturi atque quas cupiditate itaque est. Nisi delectus delectus quis ex quia. Eum recusandae porro iure esse est. Distinctio provident nam voluptas quos magni veniam veritatis. Et maxime dolore quibusdam eligendi. Pariatur odit itaque temporibus in non quaerat voluptatem dolorem. Harum quis et tenetur ut minima. Impedit blanditiis autem molestiae quod rem dolorem a. Et ea ea quas. Rerum suscipit vero quia hic ut ullam cupiditate modi. Voluptas facere occaecati enim est eligendi dolores. Sit natus praesentium vero vel nobis. Molestiae consequatur occaecati consequuntur sed eum. Id illo dolores perferendis eos facilis. Est optio saepe voluptate voluptatem distinctio. Et voluptates eligendi laborum nam eius. Tempora doloribus aperiam tempore molestias illo aspernatur. Iusto accusantium dolores nisi dolore quisquam beatae. Enim qui aut sit dolor fugit inventore. Facere rerum at consequatur. Quam illo illo minus ut totam voluptatum repudiandae molestiae. Molestiae et et officiis dolorem sunt fuga. Earum omnis et laboriosam totam maiores. Dolor consequatur velit totam ut quo nihil harum. Suscipit rem voluptatum temporibus hic blanditiis. Ab quisquam qui aut deserunt tempore. Blanditiis eum sint dolorem aut quisquam in tempore. Sunt odio accusamus omnis repudiandae recusandae possimus magni. Aspernatur quasi accusamus veritatis voluptatem inventore illum. Dolores dolorem voluptates est atque labore. Labore ea aliquid dolor. Totam praesentium ducimus amet. Voluptatum quibusdam laborum architecto.', 3, 5, NULL, NULL, 1, '2025-02-09 21:14:08', '2025-02-09 21:14:08'),
(17, 'Sapiente maiores saepe consequatur quis.', 'sapiente-maiores-saepe-consequatur-quis', 71800437, 1997, 527320, 'Temporibus possimus et natus repudiandae. Consequuntur omnis temporibus cum. In et perferendis consequatur rerum ipsam sit voluptatibus totam. Corrupti laborum est illo asperiores doloribus atque cupiditate exercitationem. Quas harum sed nihil optio velit. Sit iste quam qui ratione cum repellendus est. Officia qui facilis vel reprehenderit. Ipsum et architecto ipsa dolorem maiores. Ratione enim voluptates in itaque sit distinctio. Distinctio sed et fugit repellat. Minima nihil omnis sequi aut vel. Voluptas est ab ab iure doloribus vel cum. Nobis a distinctio placeat molestiae delectus. Voluptatem voluptatem velit est. In officiis maiores consequatur qui. Temporibus et necessitatibus quae et iure. At voluptatem velit cum est delectus laborum. Accusamus corrupti omnis at sit. Assumenda et in qui quis voluptatem aut. Architecto odit eius ut et sunt sunt. Nisi odio earum quasi rem eaque. Fugit id praesentium ratione aut sunt et. Laudantium rerum non et non adipisci libero est. Quia voluptatem est repellat. Sequi quaerat hic vero magnam voluptas consequatur ea. Consequuntur expedita velit rerum dolores voluptatum. Facere autem ipsa adipisci. Error illum non delectus voluptas eos corrupti. Est perferendis sunt deserunt sit sed. Velit molestiae non eum vel. Non et debitis non ratione repellat aut illo. Reprehenderit commodi animi perspiciatis ab et. Quam consequatur est quidem voluptas excepturi velit. Blanditiis voluptates omnis dolorum. Eaque incidunt iste error enim. Officiis in ut aperiam molestiae et nisi. Sit asperiores quo culpa et nesciunt debitis voluptas animi. Quis nihil fugit quasi illum voluptatem esse. Possimus dolores facere nesciunt at quos nihil ab. Delectus iure voluptatibus ipsum quaerat qui accusantium dolor qui. Earum voluptate et sed quos. Occaecati eligendi enim non ut. Qui est tempore quo ipsam. Voluptatem suscipit quia voluptatem unde velit non.', 4, 4, NULL, NULL, 1, '2025-02-09 21:14:08', '2025-02-09 21:14:08'),
(18, 'Similique et pariatur nihil quasi doloremque.', 'similique-et-pariatur-nihil-quasi-doloremque', 96195701, 1996, 755892, 'Est et eum nemo. Modi libero eveniet vel quas itaque inventore eum. Quod eveniet consequatur minima unde dolorum et. Alias eaque maiores ut numquam. Illum esse quos eveniet voluptatum in dolorem suscipit. Et dolorem nisi id. Ipsa quos sed similique nulla sequi et non. Harum consequatur qui ea vero cumque repellat aut. Delectus et mollitia libero cupiditate quaerat mollitia. Esse repellat sed ut dignissimos ex. Animi nihil ut eum non voluptatem. Accusantium fugit dolor dolor aut quos. Sed aspernatur quibusdam a voluptas. Quos voluptate voluptatibus rem in sint. Neque pariatur totam dolor et. Ipsum fugiat earum quisquam iure et. Id quibusdam quibusdam provident voluptatem. Quod vel repellendus adipisci illo. Voluptas sed quia nostrum minima et quo. Voluptatem id sit qui aut vitae. Eaque officia inventore adipisci dicta quos. Vero quas voluptas repudiandae tenetur placeat enim veniam. Earum illum officia laudantium nihil. Ea nihil accusamus et magnam corrupti. Voluptatem accusamus ducimus a molestiae. Earum sunt earum amet. Sunt debitis sequi et magnam. Ex aliquid error reprehenderit veritatis facere est veritatis. Quod quis quo a illo rerum neque aliquam. Consequatur molestiae rem nemo aut reiciendis ullam. Voluptate possimus voluptas voluptas qui. Numquam deleniti explicabo aut nihil. Non velit nihil sequi dicta ipsum fugiat. Ipsam ut voluptas nihil aut iusto in ipsa. Totam est exercitationem unde. Quia id id iste. Debitis saepe perspiciatis et ut. Assumenda suscipit illum sunt mollitia. Dolor ex ut impedit qui iure. Dolores ut amet expedita quia. Ipsam modi quos dolores asperiores earum. Dignissimos quo aut vitae dicta libero et. Asperiores sapiente sed est doloribus. Maxime numquam ducimus consectetur voluptas architecto. Laudantium deserunt non consequatur. Quasi quia eos quasi incidunt facilis amet doloribus. Omnis quae perferendis amet odit et. Enim sit quidem in ut voluptatem saepe aut et.', 4, 5, NULL, NULL, 1, '2025-02-09 21:14:08', '2025-02-09 21:14:08'),
(19, 'Voluptatibus qui sed qui vero.', 'voluptatibus-qui-sed-qui-vero', 42482931, 1972, 38162, 'Quas ratione tempora nemo ut assumenda omnis sunt. Est ut ab culpa nam. Autem sed quia repudiandae hic quam labore optio. Velit adipisci aspernatur occaecati eveniet consequatur. Alias iusto qui maiores. Est dolor soluta aut ut. Assumenda voluptate qui et sapiente iste. Ut ut est id autem. Pariatur sunt unde aut in delectus aut eum qui. Ut dolores laudantium sit placeat molestiae nihil. Debitis voluptatem illum minima libero. Excepturi nulla dignissimos dolores placeat et repudiandae. Animi iure atque nisi non. Aut sint aperiam id sint aspernatur odit. Nobis saepe id reprehenderit excepturi iure perferendis velit error. Soluta aperiam aut doloribus. Eveniet numquam eaque magni commodi voluptatibus aut occaecati. Et quos quia vel corporis. Quaerat architecto occaecati est alias repellat in. Illum sed voluptatem incidunt voluptatibus. Est reprehenderit amet et. Officiis cumque nam minus quas alias consectetur voluptatem. Eveniet reiciendis consequatur et impedit sint impedit. Et dolore ut quisquam. Incidunt sit non at ea. Repudiandae aliquam id ipsa nihil et ut. Aliquam qui suscipit est. Sunt velit id ex odit modi. Maiores quia dolor at omnis. Consequatur modi eveniet ut omnis nihil animi provident. Ut sequi nobis ut provident velit soluta eveniet. Accusamus voluptate aut temporibus cum. Expedita fugiat minus quae eos dolore voluptas. Corporis quos porro est consectetur voluptate adipisci. Laboriosam aut quod inventore consequatur. Deserunt dignissimos aut sed voluptatem. In beatae deserunt voluptas at reiciendis. Ea dicta sit sed cum eligendi voluptas molestiae cupiditate. Voluptas neque necessitatibus fuga quo eveniet et pariatur. Iure error consequatur corporis natus. Rerum quis vero mollitia et tenetur. Ea reprehenderit est officiis ut non esse distinctio. Earum adipisci veritatis sed minima incidunt nobis. Perspiciatis eaque itaque dolores tempore reiciendis eaque ipsum. Omnis necessitatibus id atque consequatur enim quia.', 1, 3, NULL, NULL, 1, '2025-02-09 21:14:08', '2025-02-09 21:14:08'),
(20, 'Libero eaque tenetur officiis veritatis ullam.', 'libero-eaque-tenetur-officiis-veritatis-ullam', 29393621, 1998, 47572, 'Soluta iste sint sint non impedit. Quasi amet ratione corporis dicta quisquam libero recusandae ratione. Aliquam quisquam vel sapiente reprehenderit aut occaecati. Qui tempora voluptatem earum dolorum optio at aut nemo. Qui sequi autem occaecati dolor consectetur et. Laborum ab consequatur consequatur saepe voluptatem. Pariatur eos omnis et aut quos qui. Est et ut magnam fugit sed. Molestiae quidem rerum aspernatur blanditiis dolor quia. Aperiam numquam quia quia pariatur. Saepe non ex consectetur quaerat ut enim. Sed quasi blanditiis tempore omnis. Neque minus nisi dicta est aut. Natus mollitia occaecati veniam sint eos vero nulla. Incidunt in eaque vitae illo dolorem. Harum omnis quas earum asperiores. Placeat ut temporibus assumenda. Autem blanditiis harum eos et. Beatae qui necessitatibus et id est doloremque quisquam. Aut cupiditate officia nulla at. Repellat minima amet sit quo non soluta. Deleniti totam aut aut minus modi omnis in officiis. Et vitae porro voluptatem est. Quibusdam quidem quas voluptatem ratione assumenda qui fugiat. Facere dolorem amet est enim ea laboriosam omnis enim. Voluptas repellat sunt maxime maiores saepe molestiae. Illo eveniet molestiae ut molestias porro. Facere nisi eos mollitia assumenda quis distinctio. Rerum corrupti sit ab quod eveniet rerum. Voluptatem omnis aperiam quia facilis consequatur. Quasi laudantium eos ex quia odio est. Dolorem repellat pariatur sint qui nesciunt adipisci. Quod quos nemo eos nobis accusamus et doloribus sed. Quasi et cum magnam. Perspiciatis sit aperiam enim culpa. Modi voluptate explicabo pariatur. Et quidem eaque impedit blanditiis. Ratione explicabo nemo omnis ipsum nam in. Itaque et sunt id natus ea rerum. Consectetur assumenda laborum voluptatibus fugit et aut. Tempore vitae similique ipsa quis. Sint aliquam non voluptas maxime itaque. Vel laboriosam ad non ut. Voluptate quas non voluptatum maxime illum.', 3, 3, NULL, NULL, 1, '2025-02-09 21:14:08', '2025-02-09 21:14:08');

--
-- Índices para tablas volcadas
--

--
-- Indices de la tabla `brands`
--
ALTER TABLE `brands`
  ADD PRIMARY KEY (`id`),
  ADD UNIQUE KEY `brands_slug_unique` (`slug`),
  ADD KEY `brands_category_id_foreign` (`category_id`);

--
-- Indices de la tabla `categories`
--
ALTER TABLE `categories`
  ADD PRIMARY KEY (`id`),
  ADD UNIQUE KEY `categories_slug_unique` (`slug`);

--
-- Indices de la tabla `cities`
--
ALTER TABLE `cities`
  ADD PRIMARY KEY (`id`),
  ADD UNIQUE KEY `cities_slug_unique` (`slug`);

--
-- Indices de la tabla `districts`
--
ALTER TABLE `districts`
  ADD PRIMARY KEY (`id`),
  ADD UNIQUE KEY `districts_slug_unique` (`slug`),
  ADD KEY `districts_state_id_foreign` (`state_id`);

--
-- Indices de la tabla `failed_jobs`
--
ALTER TABLE `failed_jobs`
  ADD PRIMARY KEY (`id`),
  ADD UNIQUE KEY `failed_jobs_uuid_unique` (`uuid`);

--
-- Indices de la tabla `fuels`
--
ALTER TABLE `fuels`
  ADD PRIMARY KEY (`id`),
  ADD UNIQUE KEY `fuels_slug_unique` (`slug`);

--
-- Indices de la tabla `images`
--
ALTER TABLE `images`
  ADD PRIMARY KEY (`id`),
  ADD UNIQUE KEY `images_vehicle_id_order_unique` (`vehicle_id`,`order`);

--
-- Indices de la tabla `migrations`
--
ALTER TABLE `migrations`
  ADD PRIMARY KEY (`id`);

--
-- Indices de la tabla `models`
--
ALTER TABLE `models`
  ADD PRIMARY KEY (`id`),
  ADD UNIQUE KEY `models_slug_unique` (`slug`),
  ADD KEY `models_brand_id_foreign` (`brand_id`);

--
-- Indices de la tabla `password_resets`
--
ALTER TABLE `password_resets`
  ADD KEY `password_resets_email_index` (`email`);

--
-- Indices de la tabla `personal_access_tokens`
--
ALTER TABLE `personal_access_tokens`
  ADD PRIMARY KEY (`id`),
  ADD UNIQUE KEY `personal_access_tokens_token_unique` (`token`),
  ADD KEY `personal_access_tokens_tokenable_type_tokenable_id_index` (`tokenable_type`,`tokenable_id`);

--
-- Indices de la tabla `roles`
--
ALTER TABLE `roles`
  ADD PRIMARY KEY (`id`);

--
-- Indices de la tabla `states`
--
ALTER TABLE `states`
  ADD PRIMARY KEY (`id`),
  ADD UNIQUE KEY `states_slug_unique` (`slug`);

--
-- Indices de la tabla `users`
--
ALTER TABLE `users`
  ADD PRIMARY KEY (`id`),
  ADD UNIQUE KEY `users_email_unique` (`email`),
  ADD UNIQUE KEY `users_slug_unique` (`slug`),
  ADD KEY `users_state_id_foreign` (`state_id`),
  ADD KEY `users_district_id_foreign` (`district_id`),
  ADD KEY `users_city_id_foreign` (`city_id`),
  ADD KEY `users_role_id_foreign` (`role_id`);

--
-- Indices de la tabla `vehicles`
--
ALTER TABLE `vehicles`
  ADD PRIMARY KEY (`id`),
  ADD UNIQUE KEY `vehicles_slug_unique` (`slug`),
  ADD KEY `vehicles_fuel_id_foreign` (`fuel_id`),
  ADD KEY `vehicles_category_id_foreign` (`category_id`),
  ADD KEY `vehicles_brand_id_foreign` (`brand_id`),
  ADD KEY `vehicles_model_id_foreign` (`model_id`),
  ADD KEY `vehicles_user_id_foreign` (`user_id`);

--
-- AUTO_INCREMENT de las tablas volcadas
--

--
-- AUTO_INCREMENT de la tabla `brands`
--
ALTER TABLE `brands`
  MODIFY `id` bigint(20) UNSIGNED NOT NULL AUTO_INCREMENT, AUTO_INCREMENT=147;

--
-- AUTO_INCREMENT de la tabla `categories`
--
ALTER TABLE `categories`
  MODIFY `id` bigint(20) UNSIGNED NOT NULL AUTO_INCREMENT, AUTO_INCREMENT=7;

--
-- AUTO_INCREMENT de la tabla `cities`
--
ALTER TABLE `cities`
  MODIFY `id` bigint(20) UNSIGNED NOT NULL AUTO_INCREMENT, AUTO_INCREMENT=793;

--
-- AUTO_INCREMENT de la tabla `districts`
--
ALTER TABLE `districts`
  MODIFY `id` bigint(20) UNSIGNED NOT NULL AUTO_INCREMENT, AUTO_INCREMENT=31;

--
-- AUTO_INCREMENT de la tabla `failed_jobs`
--
ALTER TABLE `failed_jobs`
  MODIFY `id` bigint(20) UNSIGNED NOT NULL AUTO_INCREMENT;

--
-- AUTO_INCREMENT de la tabla `fuels`
--
ALTER TABLE `fuels`
  MODIFY `id` bigint(20) UNSIGNED NOT NULL AUTO_INCREMENT, AUTO_INCREMENT=5;

--
-- AUTO_INCREMENT de la tabla `images`
--
ALTER TABLE `images`
  MODIFY `id` bigint(20) UNSIGNED NOT NULL AUTO_INCREMENT, AUTO_INCREMENT=101;

--
-- AUTO_INCREMENT de la tabla `migrations`
--
ALTER TABLE `migrations`
  MODIFY `id` int(10) UNSIGNED NOT NULL AUTO_INCREMENT, AUTO_INCREMENT=16;

--
-- AUTO_INCREMENT de la tabla `models`
--
ALTER TABLE `models`
  MODIFY `id` bigint(20) UNSIGNED NOT NULL AUTO_INCREMENT, AUTO_INCREMENT=1377;

--
-- AUTO_INCREMENT de la tabla `personal_access_tokens`
--
ALTER TABLE `personal_access_tokens`
  MODIFY `id` bigint(20) UNSIGNED NOT NULL AUTO_INCREMENT;

--
-- AUTO_INCREMENT de la tabla `roles`
--
ALTER TABLE `roles`
  MODIFY `id` bigint(20) UNSIGNED NOT NULL AUTO_INCREMENT, AUTO_INCREMENT=5;

--
-- AUTO_INCREMENT de la tabla `states`
--
ALTER TABLE `states`
  MODIFY `id` bigint(20) UNSIGNED NOT NULL AUTO_INCREMENT, AUTO_INCREMENT=28;

--
-- AUTO_INCREMENT de la tabla `users`
--
ALTER TABLE `users`
  MODIFY `id` bigint(20) UNSIGNED NOT NULL AUTO_INCREMENT, AUTO_INCREMENT=2;

--
-- AUTO_INCREMENT de la tabla `vehicles`
--
ALTER TABLE `vehicles`
  MODIFY `id` bigint(20) UNSIGNED NOT NULL AUTO_INCREMENT, AUTO_INCREMENT=21;

--
-- Restricciones para tablas volcadas
--

--
-- Filtros para la tabla `brands`
--
ALTER TABLE `brands`
  ADD CONSTRAINT `brands_category_id_foreign` FOREIGN KEY (`category_id`) REFERENCES `categories` (`id`) ON DELETE CASCADE;

--
-- Filtros para la tabla `districts`
--
ALTER TABLE `districts`
  ADD CONSTRAINT `districts_state_id_foreign` FOREIGN KEY (`state_id`) REFERENCES `states` (`id`) ON DELETE CASCADE;

--
-- Filtros para la tabla `images`
--
ALTER TABLE `images`
  ADD CONSTRAINT `images_vehicle_id_foreign` FOREIGN KEY (`vehicle_id`) REFERENCES `vehicles` (`id`) ON DELETE CASCADE;

--
-- Filtros para la tabla `models`
--
ALTER TABLE `models`
  ADD CONSTRAINT `models_brand_id_foreign` FOREIGN KEY (`brand_id`) REFERENCES `brands` (`id`) ON DELETE CASCADE;

--
-- Filtros para la tabla `users`
--
ALTER TABLE `users`
  ADD CONSTRAINT `users_city_id_foreign` FOREIGN KEY (`city_id`) REFERENCES `cities` (`id`) ON DELETE CASCADE,
  ADD CONSTRAINT `users_district_id_foreign` FOREIGN KEY (`district_id`) REFERENCES `districts` (`id`) ON DELETE CASCADE,
  ADD CONSTRAINT `users_role_id_foreign` FOREIGN KEY (`role_id`) REFERENCES `roles` (`id`) ON DELETE CASCADE,
  ADD CONSTRAINT `users_state_id_foreign` FOREIGN KEY (`state_id`) REFERENCES `states` (`id`) ON DELETE CASCADE;

--
-- Filtros para la tabla `vehicles`
--
ALTER TABLE `vehicles`
  ADD CONSTRAINT `vehicles_brand_id_foreign` FOREIGN KEY (`brand_id`) REFERENCES `brands` (`id`) ON DELETE CASCADE,
  ADD CONSTRAINT `vehicles_category_id_foreign` FOREIGN KEY (`category_id`) REFERENCES `categories` (`id`) ON DELETE CASCADE,
  ADD CONSTRAINT `vehicles_fuel_id_foreign` FOREIGN KEY (`fuel_id`) REFERENCES `fuels` (`id`) ON DELETE CASCADE,
  ADD CONSTRAINT `vehicles_model_id_foreign` FOREIGN KEY (`model_id`) REFERENCES `models` (`id`) ON DELETE CASCADE,
  ADD CONSTRAINT `vehicles_user_id_foreign` FOREIGN KEY (`user_id`) REFERENCES `users` (`id`) ON DELETE CASCADE;
COMMIT;

/*!40101 SET CHARACTER_SET_CLIENT=@OLD_CHARACTER_SET_CLIENT */;
/*!40101 SET CHARACTER_SET_RESULTS=@OLD_CHARACTER_SET_RESULTS */;
/*!40101 SET COLLATION_CONNECTION=@OLD_COLLATION_CONNECTION */;
